eid,name,start,end,venue,time,area,kai,site,t_open,t_end,station,yatai,rain,organizer,songs,desc,address,lat,lng,fee,poster,image,pick,siteType,pop,updated
23edf5d557,ふるさと千川 ひろば,2026-06-05,2026-06-05,ふるさと千川 ひろば,18:30,豊島区,,https://senkawa.jp/4307,,,有楽町線･副都心線｢千川｣,,,,,,,,,,,,,official,0,
90655186a6,JRA馬事公苑 はらっぱステージ メインプロムナード,2026-06-06,2026-06-06,JRA馬事公苑 はらっぱステージ メインプロムナード,18:40,世田谷区,,https://setagaya.guide/events/setagaya-summer-festival/,,,東急田園都市線｢鮫洲｣･小田急線｢経堂｣,,,,,,,,,,,,,ref,120,
247c9c3c25,鮫洲入江広場 ゆり園,2026-06-06,2026-06-06,鮫洲入江広場 ゆり園,14:30,品川区,,https://shinagawa-kanko.or.jp/event/lily-samezu2026/,,,京急本線｢鮫洲｣･｢青物横丁｣,,,,,,,,,,,,,official,0,
8428db5fe5,品川区立宮前小学校及び宮前商店街周辺,2026-06-07,2026-06-07,品川区立宮前小学校及び宮前商店街周辺,14:00,品川区,,https://togoshi2.jugem.jp/,,,東急池上線｢戸越銀座｣･東急目黒線｢下神明｣,,,,,,,,,,,,,ref,0,
edb6680a66,山王パークタワー公開空地,2026-06-13,2026-06-15,山王パークタワー公開空地,18:30,千代田区,,https://www.tenkamatsuri.jp/minyo/,,,千代田線｢赤坂｣･南北線・銀座線｢溜池山王｣,,,,,,,,,,,,,official,0,
6f161655a1,五反野コミュニティ公園,2026-06-20,2026-06-20,五反野コミュニティ公園,17:30,足立区,,https://nishiayase.jp/,,,東武伊勢崎線｢五反野｣,,,,,,,,,,,,,official,0,
763c1725c8,目黒区立東根小学校,2026-06-20,2026-06-20,目黒区立東根小学校,17:15,目黒区,,https://higasine19.net/2026/05/30/6/,,,田園都市線｢駒沢大学｣･東急東横線｢都立大学｣,,,,,,,,,,,,,official,0,
616fc63b3c,品川区立第二延山小学校 アリーナ,2026-06-21,2026-06-21,品川区立第二延山小学校 アリーナ,17:30,品川区,,http://bondance.s1002.xrea.com/2026/img/20260621.jpg,,,東急大井町線･東急池上線｢旗の台｣,,,,,,,,,,,,,ref,0,
a1a1340712,鷲在山長國寺,2026-06-21,2026-06-21,鷲在山長國寺,13:40,台東区,,https://otorisama.jp/,,,日比谷線｢三ノ輪｣･｢入谷｣,,,,,,,,,,,,,official,0,
0e58388d04,新宿住友ビル三角広場,2026-06-24,2026-06-25,新宿住友ビル三角広場,17:30,新宿区,,https://www.sumitomo-sankakuhiroba.jp/matsuri202606.pdf,,,大江戸線｢都庁前｣･丸ノ内線｢西新宿｣･JR線･小田急線･京王線｢新宿｣,,,,,,,,,,,,,official,0,
0e24a2022e,上野恩賜公園 竹の台広場(噴水広場),2026-06-26,2026-06-26,上野恩賜公園 竹の台広場(噴水広場),18:20,台東区,,https://www.tokyobondance.com/,,,JR山手線･京浜東北線･高崎線･宇都宮線･京成線｢上野｣,,,,,,,,,,,,,official,250,
dfe4bcd7f7,郡上おどりin青山 秩父宮ラグビー場 駐車場,2026-06-26,2026-06-26,郡上おどりin青山 秩父宮ラグビー場 駐車場,17:00,港区,,https://aoyama-gaienmae.or.jp/news/20260326/,,,銀座線｢外苑前｣,,,,,,,,,,,,,official,0,
80f05a5809,浅草六区ブロードウェイ(ドン・キホーテ 浅草店前のやぐら),2026-06-27,2026-06-27,浅草六区ブロードウェイ(ドン・キホーテ 浅草店前のやぐら),18:00,台東区,,https://www.instagram.com/p/DYI5By1Afdc/,,,都営地下鉄浅草線･銀座線･つくばエクスプレス｢浅草｣,,,,,,,,,,,,,ref,0,
0afce910c4,隅田公園山谷堀広場,2026-06-27,2026-06-27,隅田公園山谷堀広場,,台東区,,https://oku-asakusa.com/,,,東武伊勢崎線･銀座線･都営浅草線｢浅草｣,,,,,,,,,,,,,official,250,
c294780919,クダッチ 盆踊り,2026-07-03,2026-07-04,消防クダッチ分団詰所前広場,,大島町,,http://minato-bon-odori.blogspot.com/,,,,,,,,,,,,,,,,ref,120,
c7c2f7b5a0,上野恩賜公園 竹の台広場(噴水広場),2026-07-03,2026-07-05,上野恩賜公園 竹の台広場(噴水広場),17:00,台東区,,https://www.furusatotokyofes.com/bondance,,,JR山手線･京浜東北線･高崎線･宇都宮線･京成線｢上野｣,,,,,,,,,,,,,official,250,
533e218ab6,下町七夕まつり,2026-07-04,2026-07-05,かっぱ橋本通り,,台東区,第39回,https://summer.walkerplus.com/odekake/detail_e/ar0313e187246/,,,田原町駅,,,,,,,,,,,,,ref,170,
d533d22f8c,品川区立第一日野小学校,2026-07-04,2026-07-04,品川区立第一日野小学校,17:00,品川区,,https://www.city.shinagawa.tokyo.jp/PC/shisetsu/shisetsu-kuyakusyo/shisetsu-kuyakusyo-chiiki/hpg000017088.html,,,東急池上線｢戸越銀座｣･東急目黒線｢不動前｣,,,,,,,,,,,,,official,0,
231b83f10e,小山八幡神社,2026-07-05,2026-07-05,小山八幡神社,15:30,品川区,,https://x.com/Yu_Kanmiya/status/2073023938125525215,,,目黒線｢西小山｣･｢洗足｣,,,,,,,,,,,,,ref,0,
543ae1a8b9,あさがお祭り盆踊り(入谷南公園),2026-07-06,2026-07-08,あさがお祭り盆踊り(入谷南公園),19:00,台東区,,https://www.asagao-maturi.com/229/,,,日比谷線｢入谷｣,,,,,,,,,,,,,official,0,
b9af28bb93,上池袋さくら公園,2026-07-10,2026-07-11,上池袋さくら公園,19:00,豊島区,,https://www.kamiike.org/webboard/,,,東武東上線｢北池袋｣･山手線｢池袋｣,,,,,,,,,,,,,ref,0,
2c3634c0c6,大正大学 鴨台(おうだい)盆踊り,2026-07-10,2026-07-11,大正大学 鴨台(おうだい)盆踊り,17:30,豊島区,,https://x.com/bonodori_tais/status/2063246614505144588,,,都営三田線西｢巣鴨｣･都電｢新庚申塚｣,,,,,,,,,,,,,ref,0,
f369a36f8a,稗田公園,2026-07-10,2026-07-11,稗田公園,18:00,足立区,,https://www.city.adachi.tokyo.jp/kuminjimu/chiikibunka/kuminsanka/higashiayase20-8.html,,,千代田線｢北綾瀬｣･常磐緩行線｢亀有｣,,,,,,,,,,,,,official,0,
413965babf,萩中神社,2026-07-10,2026-07-11,萩中神社,18:30,大田区,,https://otakushoren.com/event/151944,,,京急空港線｢糀谷｣,,,,,,,,,,,,,official,0,
71c1632ca3,世田谷区立三軒茶屋小学校,2026-07-11,2026-07-11,世田谷区立三軒茶屋小学校,,世田谷区,,https://www.city.setagaya.lg.jp/documents/2043/wakuwaku2026.pdf,,,三軒茶屋駅,,,,,,,,,,,,,ref,0,
91077277b5,中田出世稲荷(下赤塚駅前交番裏),2026-07-11,2026-07-12,中田出世稲荷(下赤塚駅前交番裏),18:00,板橋区,,https://kajiyamachokai.com/#Information,,,東武東上線｢下赤塚｣･有楽町線｢赤塚｣,,,,,,,,,,,,,official,0,
ef4d04b6ee,亀有リリオパーク,2026-07-11,2026-07-12,亀有リリオパーク,18:00,葛飾区,,https://katsushika-tsushin.com/28890.html#google_vignette,,,JR常磐線｢亀有｣,,,,,,,,,,,,,ref,0,
2400578330,大井競馬場第一駐車場,2026-07-11,2026-07-11,大井競馬場第一駐車場,16:00,品川区,,https://www.city.shinagawa.tokyo.jp/PC/shisetsu/shisetsu-kuyakusyo/shisetsu-kuyakusyo-chiiki/hpg000017088.html,,,東京モノレール｢大井競馬場前｣･京浜急行｢立会川｣,,,,,,,,,,,,,official,0,
40de1e4cfd,晴海ふ頭公園,2026-07-11,2026-07-12,晴海ふ頭公園,18:30,中央区,,https://www.harumiflag.org/summerfestival,,,都営大江戸線｢勝どき｣,,,,,,,,,,,,,ref,0,
0a05e136f3,東谷北野神社,2026-07-11,2026-07-11,東谷北野神社,18:00,大田区,,https://otakushoren.com/event/152394,,,都営浅草線｢馬込｣･｢西馬込｣･JR線｢大森｣,,,,,,,,,,,,,official,0,
951a7f1edf,波浮 盆踊り,2026-07-11,2026-07-12,波浮港漁協前広場,,大島町,,http://minato-bon-odori.blogspot.com/,,,,,,,,,,,,,,,,ref,120,
7f08533851,蛇窪神社(上神明天祖神社),2026-07-11,2026-07-11,蛇窪神社(上神明天祖神社),17:00,品川区,,https://hebikubo.jp/,,,都営浅草線｢中延｣･大井町線｢中延｣,,,,,,,,,,,,,official,0,
ed1070e343,世田谷区立八幡小学校,2026-07-12,2026-07-12,世田谷区立八幡小学校,17:00,世田谷区,,https://www.city.setagaya.lg.jp/documents/26463/all.pdf,,,東急東横線･大井町線｢自由が丘｣･東急目黒線｢奥沢｣,,,,,,,,,,,,,official,0,
89f32c8c05,花の民踊講習会(26-2),2026-07-12,2026-07-12,品川区中小企業センター3階大会議室,13:30,品川区,,http://minato-bon-odori.blogspot.com/,,,,,,,,,,,,,,,,ref,120,
a01ff10ae1,佃島の盆踊（佃島盆踊）,2026-07-13,2026-07-15,佃一丁目中央通り 佃1旧佃島渡船場前付近,18:00,中央区,,https://tsukutsuki.com/calendar/,,,有楽町線･大江戸線｢月島｣,,,,,,,,,,,,,official,250,
a21a64a451,太宗寺境内,2026-07-13,2026-07-15,太宗寺境内,18:30,新宿区,,http://bondance.s1002.xrea.com/2026/img/2026071315.jpg,,,丸の内線｢新宿御苑前｣･都営新宿線･大江戸線｢新宿3丁目｣,,,,,,,,,,,,,ref,0,
d3b0f730e5,羽田神社境内,2026-07-13,2026-07-15,羽田神社境内,19:00,大田区,,https://otakushoren.com/event/152253,,,京急線｢大鳥居｣,,,,,,,,,,,,,official,0,
1d418bb5a4,第79回 みたままつり（靖国神社）,2026-07-13,2026-07-16,靖国神社,18:30,千代田区,,https://www.yasukuni.or.jp/news_detail.html?id=701,,,東京メトロ・都営地下鉄｢九段下｣,,,,,,,,,,,,,official,900,
acbeac6cf0,泉津 盆踊り,2026-07-14,2026-07-15,旧泉津公民館,,大島町,,http://minato-bon-odori.blogspot.com/,,,,,,,,,,,,,,,,ref,120,
f172a9057b,祐天寺境内,2026-07-16,2026-07-18,祐天寺境内,17:30,目黒区,,http://www.yutenji.or.jp/info/gyouji/page-month-7/,,,東急東横線｢祐天寺｣,,,,,,,,,,,,,official,0,
75453a1d9a,上落合西公園,2026-07-17,2026-07-18,上落合西公園,19:00,新宿区,,https://ameblo.jp/soumu-buchou/entry-12969578083.html,,,東西線｢落合｣･西武新宿線｢中井｣･JR総武線｢東中野｣,,,,,,,,,,,,,ref,0,
04bb021bde,中央区立月島第一小学校,2026-07-17,2026-07-17,中央区立月島第一小学校,19:00,中央区,,https://www.tsuki1-pta.tokyo/post/,,,有楽町線｢月島｣,,,,,,,,,,,,,ref,0,
b0be5e22f8,京橋公園,2026-07-17,2026-07-18,京橋公園,18:30,中央区,,https://x.com/STMchokai/status/2069970501838274998/photo/1,,,有楽町線｢新富町｣･都営浅草線｢宝町｣,,,,,,,,,,,,,ref,0,
cda313716a,南六郷一丁目町会広場,2026-07-17,2026-07-18,南六郷一丁目町会広場,18:30,大田区,,https://www.facebook.com/p/x100094394490478/,,,京急本線｢雑色｣･京急空港線｢糀谷｣,,,,,,,,,,,,,ref,0,
9f73d47537,南田中稲荷天祖神社,2026-07-17,2026-07-18,南田中稲荷天祖神社,18:00,練馬区,,http://www.senbadaiko.com/schedule/index.html,,,西武池袋線｢石神井公園｣･｢練馬高野台｣,,,,,,,,,,,,,ref,0,
61678039ae,土支田八幡宮,2026-07-17,2026-07-18,土支田八幡宮,18:30,練馬区,,https://www.yama8-k.co.jp/blog/entry-802095/,,,都営大江戸線｢光が丘｣,,,,,,,,,,,,,official,0,
943b9e1214,巣鴨駅前南口ロータリー,2026-07-17,2026-07-19,巣鴨駅前南口ロータリー,18:00,豊島区,,http://suichishoutenkai.com/event/bonodori_2026,,,JR｢巣鴨｣,,,,,,,,,,,,,official,0,
2ba75759c3,差木地 盆踊り,2026-07-17,2026-07-18,差木地公民館駐車場,,大島町,,http://minato-bon-odori.blogspot.com/,,,,,,,,,,,,,,,,ref,120,
89e1986927,旭児童遊園,2026-07-17,2026-07-18,旭児童遊園,18:30,大田区,,https://higashi-kojiya456.com/calendar/,,,京急空港線｢大鳥居｣,,,,,,,,,,,,,official,0,
db5a8a3bc4,祖師谷神明社,2026-07-17,2026-07-18,祖師谷神明社,19:00,世田谷区,,https://soshigaya.com/bon-dance-2026/,,,小田急小田原線｢祖師ケ谷大蔵｣,,,,,,,,,,,,,official,0,
8777bd416d,鳩森八幡神社,2026-07-17,2026-07-18,鳩森八幡神社,18:30,渋谷区,,https://www.sendagaya-bonodori.tokyo/,,,総武線｢千駄ヶ谷｣･都営大江戸線｢国立競技場｣･東京メトロ副都心線｢北参道｣,,,,,,,,,,,,,official,0,
bb29834771,第19回しもしゃく祭り,2026-07-17,2026-07-18,昭和通り（下石神井商店街）,17:00,練馬区,,https://www.nerima-kushoren.jp/eventlist,,,上石神井駅,,,,,,,,,,,,,official,0,
b0682dcf0a,木場二丁目町会 盆踊り大会,2026-07-17,2026-07-18,木場二丁目公園（木場2-11-11）,18:00,江東区,,https://www.city.koto.lg.jp/101010/kurashi/komyunitei/chokai/jichikai/bonnodorinatsumatsuri/documents/20260708073059.pdf,,,東西線｢木場｣･｢門前仲町｣,,,,,,,,,,,,,official,0,
76343ba3e1,納涼盆踊り（梅田正和町会）,2026-07-17,2026-07-18,関原中央公園,18:30,足立区,,https://www.city.adachi.tokyo.jp/chiiki/bonfes2026.html,,,東武スカイツリーライン｢梅島｣,,,,,,,,,,,,,official,0,
c04c3326fe,ひまわり広場,2026-07-18,2026-07-19,ひまわり広場,18:00,葛飾区,,http://bondance.s1002.xrea.com/2026/07/post-39.php,,,JR常磐線 金町,,,,,,,,,,,,,ref,120,
dfdf499e6b,みらい館大明,2026-07-18,2026-07-18,みらい館大明,17:30,豊島区,,https://www.city.toshima.lg.jp/documents/56995/20260701_all.pdf,,,有楽町線｢要町｣･山手線｢池袋｣,,,,,,,,,,,,,official,0,
888a0c0b65,一ツ家中央公園(タコ公園),2026-07-18,2026-07-18,一ツ家中央公園(タコ公園),18:00,足立区,,https://www.city.adachi.tokyo.jp/chiiki/bonfes2026.html,,,つくばエクスプレス｢六町｣,,,,,,,,,,,,,official,0,
6bc6bc5995,三峰公園,2026-07-18,2026-07-19,三峰公園,18:00,世田谷区,,https://www.kinutamachi.jp/archive/2026/0621974/,,,小田急小田原線｢祖師ヶ谷大蔵｣,,,,,,,,,,,,,official,0,
3ea6446cb8,亀有一丁目 第2集会所前広場,2026-07-18,2026-07-19,亀有一丁目 第2集会所前広場,18:30,葛飾区,,http://bondance.s1002.xrea.com/2026/07/post-39.php,,,常磐線 亀有,,,,,,,,,,,,,ref,120,
c1a6a2ac34,伊興ファミリー公園,2026-07-18,2026-07-19,伊興ファミリー公園,,足立区,,https://www.city.adachi.tokyo.jp/kuminjimu/chiikibunka/kuminsanka/ikou.html,,,日暮里舎人ライナー｢舎人公園｣･東武伊勢崎線｢竹ノ塚｣,,,,,,,,,,,,,official,0,
fda874ffbc,伊興公園,2026-07-18,2026-07-18,伊興公園,18:00,足立区,,https://www.city.adachi.tokyo.jp/kuminjimu/chiikibunka/kuminsanka/ikou.html,,,東武伊勢崎線｢竹ノ塚｣,,,,,,,,,,,,,official,0,
82880119e8,佐竹商店街アーケード下,2026-07-18,2026-07-18,佐竹商店街アーケード下,15:00,台東区,,https://satakeshotengai.com/satakeodori/,,,都営大江戸線｢新御徒町｣･日比谷線｢仲御徒町｣･JR山手線｢御徒町｣,,,,,,,,,,,,,official,0,
f358620bc1,佐野第二公園,2026-07-18,2026-07-19,佐野第二公園,18:30,足立区,,https://www.city.adachi.tokyo.jp/chiiki/bonfes2026.html,,,千代田線｢北綾瀬｣,,,,,,,,,,,,,official,0,
4160384c34,六郷神社,2026-07-18,2026-07-19,六郷神社,18:00,大田区,,https://www.facebook.com/rokugou.ujisei,,,京急線 六郷土手,,,,,,,,,,,,,ref,120,
4d3003373d,千早四丁目公園,2026-07-18,2026-07-19,千早四丁目公園,17:00,豊島区,,https://www.city.toshima.lg.jp/documents/56995/20260701_all.pdf,,,有楽町線｢千川｣,,,,,,,,,,,,,official,0,
3a8ecc9826,南水元中の橋公園,2026-07-18,2026-07-19,南水元中の橋公園,18:00,葛飾区,,http://bondance.s1002.xrea.com/2026/07/post-39.php,,,JR常磐線 金町/京成金町線 京成金町,,,,,,,,,,,,,ref,120,
06a9414d61,品川区立杜松ホーム,2026-07-18,2026-07-18,品川区立杜松ホーム,19:00,品川区,,https://www.city.shinagawa.tokyo.jp/PC/shisetsu/shisetsu-kuyakusyo/shisetsu-kuyakusyo-chiiki/hpg000017088.html,,,東急大井町線｢下神明｣,,,,,,,,,,,,,official,0,
a7c2d6a2ed,品川区立第三日野小学校,2026-07-18,2026-07-18,品川区立第三日野小学校,14:00,品川区,,https://www.city.shinagawa.tokyo.jp/PC/shisetsu/shisetsu-kuyakusyo/shisetsu-kuyakusyo-chiiki/hpg000017088.html,,,都営浅草線｢高輪台｣,,,,,,,,,,,,,official,0,
1bb3818b61,四谷ひろばグランド(旧新宿区立四谷第四小学校),2026-07-18,2026-07-19,四谷ひろばグランド(旧新宿区立四谷第四小学校),18:00,新宿区,,https://www4.hp-ez.com/hp/fes/page2,,,丸ノ内線｢四谷三丁目｣･都営新宿線｢曙橋｣,,,,,,,,,,,,,ref,0,
2c34aa8354,城山公園,2026-07-18,2026-07-19,城山公園,19:00,中野区,,https://www.facebook.com/profile.php?id=100063550898293,,,,,,,,,,,,,,,,ref,0,
fb12afd173,大和町八幡神社,2026-07-18,2026-07-18,大和町八幡神社,15:00,中野区,,http://daibon.jp/,,,西武新宿線｢野方｣,,,,,,,,,,,,,official,0,
7972b2a62b,大森北グリーンベルト,2026-07-18,2026-07-19,大森北グリーンベルト,18:00,大田区,,https://otakushoren.com/event/140645,,,JR線｢大森｣,,,,,,,,,,,,,official,0,
c7704292cb,宮下公園 高架下広場,2026-07-18,2026-07-19,宮下公園 高架下広場,18:30,板橋区,,http://bondance.s1002.xrea.com/2026/07/post-39.php,,,都営三田線 志村坂上,,,,,,,,,,,,,ref,120,
e292e3abd2,尾竹橋公園,2026-07-18,2026-07-18,尾竹橋公園,18:00,足立区,,https://www.city.adachi.tokyo.jp/chiiki/bonfes2026.html,,,千代田線｢町屋｣,,,,,,,,,,,,,official,0,
04c6eec56f,希望ヶ丘団地内広場(テニスコート),2026-07-18,2026-07-19,希望ヶ丘団地内広場(テニスコート),,世田谷区,,https://www.city.setagaya.lg.jp/documents/2043/wakuwaku2026.pdf,,,小田急線｢千歳船橋｣･京王線｢八幡山｣,,,,,,,,,,,,,official,0,
1726a6ceaf,廻沢稲荷神社,2026-07-18,2026-07-19,廻沢稲荷神社,,世田谷区,,https://www.city.setagaya.lg.jp/documents/2043/wakuwaku2026.pdf,,,小田原線｢祖師ヶ谷大蔵｣･京王線｢千歳烏山｣｢芦花公園｣,,,,,,,,,,,,,official,0,
b27f4ffb26,御園神社,2026-07-18,2026-07-19,御園神社,19:00,大田区,,https://otakushoren.com/event/140561,,,東急池上線｢蓮沼｣･JR京浜東北･根岸線｢蒲田｣,,,,,,,,,,,,,official,0,
12241436fa,新井薬師公園,2026-07-18,2026-07-19,新井薬師公園,18:00,中野区,,https://www.ai-road.com/bonodori/,,,西武新宿線｢新井薬師｣,,,,,,,,,,,,,official,0,
64c2912afb,新宿区立清水川橋公園,2026-07-18,2026-07-18,新宿区立清水川橋公園,16:00,新宿区,,https://www.city.shinjuku.lg.jp/kusei/kashiwagi01_000001_00037.html,,,山手線･東西線｢高田馬場｣,,,,,,,,,,,,,official,0,
ae1b480e1c,東椿公園,2026-07-18,2026-07-19,東椿公園,17:00,足立区,,https://www.city.adachi.tokyo.jp/chiiki/bonfes2026.html,,,日暮里舎人ライナー｢西新井大師西｣･｢谷在家｣,,,,,,,,,,,,,official,0,
16f162dbfc,松江二丁目児童公園(平和公園),2026-07-18,2026-07-19,松江二丁目児童公園(平和公園),18:00,江戸川区,,https://matsu2.sakura.ne.jp/99_blank020.html,,,都営新宿線｢一之江｣･JR総武線｢新小岩｣,,,,,,,,,,,,,ref,0,
8c33a2f6dc,柳橋中央通り(柳橋2丁目交差点付近),2026-07-18,2026-07-18,柳橋中央通り,18:00,台東区,,http://yanagibashi.la.coocan.jp/,,,総武線・都営浅草線 浅草橋,,,,,,,,,,,,,ref,120,
4c45a7a0e5,森下公園,2026-07-18,2026-07-19,森下公園,18:30,江東区,,https://minamisuna1.com/37573/,,,都営新宿線･都営大江戸線｢森下｣,,,,,,,,,,,,,ref,0,
5a91b06012,江戸川区鹿骨（ししぼね）四丁目公園盆踊り,2026-07-18,2026-07-19,鹿骨四丁目公園,18:30,江戸川区,,https://www.city.edogawa.tokyo.jp/e037/kurashi/chiikicommunity/johokyoku/shishibone/event/bonodori.html,,,小岩駅,,,,,,,,,,,,,official,120,
140f8cf443,江東区立深川第二中学校,2026-07-18,2026-07-19,江東区立深川第二中学校,18:00,江東区,,https://koto.keizai.biz/column/15/,,,都営大江戸線｢門前仲町｣,,,,,,,,,,,,,ref,0,
9a21c8708f,江東区立臨海小学校･公園,2026-07-18,2026-07-19,江東区立臨海小学校･公園,18:00,江東区,,https://f-kurashi.tokyo/rinkaibonodori/,,,東西線｢門前仲町｣,,,,,,,,,,,,,official,0,
2ed59cf1f6,池袋本町公園,2026-07-18,2026-07-19,池袋本町公園,19:00,豊島区,,https://www.city.toshima.lg.jp/documents/56995/20260701_all.pdf,,,東武東上線｢北池袋｣,,,,,,,,,,,,,official,0,
ca3fd99acd,深川ギャザリアセンター広場,2026-07-18,2026-07-19,深川ギャザリアセンター広場,18:00,江東区,,https://www.fujikura.co.jp/news/pressrelease/20260622mit.html,,,東西線｢木場｣,,,,,,,,,,,,,official,0,
cdff5f2955,皿沼公園,2026-07-18,2026-07-19,皿沼公園,18:00,足立区,,https://www.city.adachi.tokyo.jp/chiiki/bonfes2026.html,,,日暮里舎人ライナー｢谷在家｣,,,,,,,,,,,,,official,0,
9405c2c1b4,篠塚稲荷神社,2026-07-18,2026-07-18,篠塚稲荷神社,18:00,板橋区,,https://shinogayato.com/,,,東武東上線｢下赤塚｣,,,,,,,,,,,,,official,0,
a23889f911,練馬区立光和小学校,2026-07-18,2026-07-18,練馬区立光和小学校,,練馬区,,http://www.senbadaiko.com/schedule/index.html,,,西武池袋線｢石神井公園｣,,,,,,,,,,,,,ref,0,
451d1b18b3,練馬区立泉新小学校,2026-07-18,2026-07-18,練馬区立泉新小学校,,練馬区,,http://www.senbadaiko.com/schedule/index.html,,,西武池袋線｢石神井公園｣,,,,,,,,,,,,,ref,0,
4f05a04454,自由が丘納涼盆踊り大会,2026-07-18,2026-07-20,自由が丘駅前ロータリー広場,,目黒区,,https://www.jiyugaoka-abc.com/special/bonodori/,,,自由が丘駅,,,,炭坑節、東京音頭、北海盆唄、やる気で音頭、自由が丘小唄、ホイップるん音頭、ダンシングヒーロー、夜に駆ける、希望の轍、高嶺の花子さん、八木節,,,,,,,,,official,260,
5772957d58,船路橋児童遊園前広場(五十嵐冷蔵前),2026-07-18,2026-07-19,船路橋児童遊園前広場(五十嵐冷蔵前),18:00,港区,,https://www.city.minato.tokyo.jp/documents/179419/20260630141053.pdf,,,都営浅草線｢三田｣･山手線｢田町｣,,,,,,,,,,,,,official,0,
481de85ca8,若宮八幡神社前,2026-07-18,2026-07-19,若宮八幡神社前,18:30,葛飾区,,https://www.city.katsushika.lg.jp/_res/projects/default_project/_page_/001/028/707/20260619.pdf,,,京成押上線｢四ツ木｣･｢八広｣,,,,,,,,,,,,,official,0,
763231b962,葛飾区立西小菅小学校,2026-07-18,2026-07-19,葛飾区立西小菅小学校,,葛飾区,,http://bondance.s1002.xrea.com/2026/07/post-39.php,,,東武伊勢崎線 小菅,,,,,,,,,,,,,ref,120,
9cab186535,薭田神社,2026-07-18,2026-07-19,薭田神社,19:00,大田区,,https://otakushoren.com/event/164219,,,京急線｢京急蒲田｣･JR｢蒲田｣,,,,,,,,,,,,,official,0,
94be393de1,西徳第一公園,2026-07-18,2026-07-19,西徳第一公園,18:00,板橋区,,https://www.chokai.info/tokumarukyoei/,,,東武東上線 東武練馬,,,,,,,,,,,,,ref,120,
b3007ba6a2,西沼公園,2026-07-18,2026-07-19,西沼公園,18:00,足立区,,https://www.city.adachi.tokyo.jp/kuminjimu/chiikibunka/kuminsanka/higashiayase20-8.html,,,千代田線｢綾瀬｣･JR常磐線｢亀有｣,,,,,,,,,,,,,official,0,
192e0702dd,豊島区立西巣鴨小学校,2026-07-18,2026-07-19,豊島区立西巣鴨小学校,18:30,豊島区,,https://www.city.toshima.lg.jp/documents/56995/20260701_all.pdf,,,都電荒川線｢庚申塚｣･｢巣鴨新田｣,,,,,,,,,,,,,official,0,
52271ac612,文園町会 盆踊り,2026-07-18,2026-07-19,中野区立文園公園,18:30,中野区,,https://www.fumizono.com/bondance2026.html,,,JR中央線 中野/西武新宿線 新井薬師前,,,,,,,,,,,,,official,0,
065f9fcf23,東陽二丁目町会盆踊り,2026-07-18,2026-07-19,江東区教育センターコミュニティ広場,19:00,江東区,,https://f-kurashi.tokyo/toyo2-bonodori/,,,東西線 東陽町,,,,,,,,,,,,,official,0,
35abdce25c,冬木盆踊り,2026-07-18,2026-07-19,深川二中（冬木22-10）,18:00,江東区,,https://fuyuki.tokyo/archives/768,,,,,,,,,,,,,,,,official,0,
15e9a792e3,東小松川二丁目町会 盆踊り,2026-07-18,2026-07-18,東小松川東公園,17:30,江戸川区,,https://www.city.edogawa.tokyo.jp/e031/kurashi/chiikicommunity/johokyoku/chuo/event/tyuoutikukakigyoji.html,,,,,,,,,,,,,,,,official,0,
c4bfc76912,貞明町会 盆踊り,2026-07-18,2026-07-18,貞明児童遊園,19:00,江戸川区,,https://www.city.edogawa.tokyo.jp/e031/kurashi/chiikicommunity/johokyoku/chuo/event/tyuoutikukakigyoji.html,,,,,,,,,,,,,,,,official,0,
e1c3afe62e,松江二丁目町会 納涼踊り,2026-07-18,2026-07-19,松江二丁目児童遊園,18:00,江戸川区,,https://www.city.edogawa.tokyo.jp/e031/kurashi/chiikicommunity/johokyoku/chuo/event/tyuoutikukakigyoji.html,,,,,,,,,,,,,,,,official,0,
8c9f67dcf8,大杉町会 盆踊り,2026-07-18,2026-07-19,大杉一丁目公園,18:30,江戸川区,,https://www.city.edogawa.tokyo.jp/e031/kurashi/chiikicommunity/johokyoku/chuo/event/tyuoutikukakigyoji.html,,,,,,,,,,,,,,,,official,0,
2557dfa8eb,納涼盆踊り大会（新二之江町会）,2026-07-18,2026-07-18,二之江さくら公園,18:00,江戸川区,,https://www.city.edogawa.tokyo.jp/e034/kurashi/chiikicommunity/johokyoku/kasai/event/index.html,,,,,,,,,,,,,,,,official,0,
77cacfdcc4,納涼盆踊り大会（綾瀬五・六丁目自治会）,2026-07-18,2026-07-19,東綾瀬公園,18:00,足立区,,https://www.city.adachi.tokyo.jp/chiiki/bonfes2026.html,,,千代田線｢北綾瀬｣,,,,,,,,,,,,,official,0,
398438d1a0,盆踊り（鹿骨一丁目町会）,2026-07-18,2026-07-19,鹿骨一丁目第二公園,,江戸川区,,https://www.city.edogawa.tokyo.jp/e037/kurashi/chiikicommunity/johokyoku/shishibone/event/bonodori.html,,,,,,,,,,,,,,,,official,0,
33c57bcef7,盆踊り（新堀町会）,2026-07-18,2026-07-19,高田公園,,江戸川区,,https://www.city.edogawa.tokyo.jp/e037/kurashi/chiikicommunity/johokyoku/shishibone/event/bonodori.html,,,,,,,,,,,,,,,,official,0,
5669dc7273,盆踊り（谷河内北町会）,2026-07-18,2026-07-19,谷河内日枝神社,,江戸川区,,https://www.city.edogawa.tokyo.jp/e037/kurashi/chiikicommunity/johokyoku/shishibone/event/bonodori.html,,,,,,,,,,,,,,,,official,0,
92be52c163,馬込大盆踊り大会,2026-07-18,2026-07-18,大田区立貝塚中学校,,大田区,,https://sites.google.com/view/magome-ota,,,都営浅草線｢馬込｣,,,,,,,,,,,,,official,0,
8d9b25d849,桜川納涼盆踊り大会（VIVA BON DANCE 2026）,2026-07-18,2026-07-19,桜川児童遊園（子どもの遊び場）,,板橋区,,https://www.sakuragawa.info/?p=1077,,,,,,,,,,,,,,,,official,0,
57f3a25e01,東水元公園 盆踊り,2026-07-18,2026-07-18,東水元公園,,葛飾区,,https://mizumoto-chiku.com/,,,JR常磐線｢金町｣/京成金町線｢京成金町｣,,,,,,,,,,,,,official,0,
1121208d9d,木場一・六町会 盆踊り大会,2026-07-18,2026-07-19,深川ギャザリアセンタープラザ（木場1丁目）,18:00,江東区,,https://prtimes.jp/main/html/rd/p/000000193.000056990.html,,,東京メトロ東西線｢木場｣,,,,,,,,,,,,,official,0,
7b0c6769a0,りそな銀行 神楽坂支店前,2026-07-19,2026-07-20,りそな銀行 神楽坂支店前,18:00,新宿区,,https://www.kagurazaka-6.com/,,,東西線｢神楽坂｣･大江戸線｢牛込神楽坂｣,,,,,,,,,,,,,official,0,
af91b77855,品川学園,2026-07-19,2026-07-19,品川学園,17:00,品川区,,https://www.city.shinagawa.tokyo.jp/PC/shisetsu/shisetsu-kuyakusyo/shisetsu-kuyakusyo-chiiki/hpg000017088.html,,,京急線｢新馬場｣,,,,,,,,,,,,,official,0,
7bf9d646ff,大蔵氷川神社,2026-07-19,2026-07-19,大蔵氷川神社,19:00,世田谷区,,https://www.city.setagaya.lg.jp/documents/2043/wakuwaku2026.pdf,,,小田急小田原線｢成城学園前｣ 東急バス(玉07)｢永安寺前｣,,,,,,,,,,,,,official,0,
37a99ae178,尾久橋スカイハイツ敷地内,2026-07-19,2026-07-19,尾久橋スカイハイツ敷地内,18:00,足立区,,https://www.city.adachi.tokyo.jp/chiiki/bonfes2026.html,,,日暮里舎人ライナー｢足立小台｣,,,,,,,,,,,,,official,0,
e8f52a6819,山王神社,2026-07-19,2026-07-19,山王神社,18:00,江戸川区,,https://www.city.edogawa.tokyo.jp/e036/kurashi/chiikicommunity/johokyoku/tobu/event/toubutikubonnodori.html,,,都営新宿線｢瑞江｣･｢一之江｣,,,,,,,,,,,,,official,0,
92afe0cf86,新宿区立下落合公園,2026-07-19,2026-07-19,新宿区立下落合公園,18:00,新宿区,,https://www.city.shinjuku.lg.jp/kusei/kashiwagi01_000001_00037.html,,,山手線｢目白｣･西武池袋線｢椎名町｣,,,,,,,,,,,,,official,0,
4579f92c16,椿ひがし公園,2026-07-19,2026-07-19,椿ひがし公園,17:00,江戸川区,,https://www.city.edogawa.tokyo.jp/e036/kurashi/chiikicommunity/johokyoku/tobu/event/toubutikubonnodori.html,,,都営新宿線｢瑞江｣,,,,,,,,,,,,,official,0,
6b6d9b5722,盆踊り大会（桑川町親和会）,2026-07-19,2026-07-19,桑川神社境内,17:00,江戸川区,,https://www.city.edogawa.tokyo.jp/e034/kurashi/chiikicommunity/johokyoku/kasai/event/index.html,,,,,,,,,,,,,,,,official,0,
c9f2e5cf73,4町会合同盆踊り大会（仲宿東・氷川・宮元親興・仲宿睦）,2026-07-19,2026-07-19,板橋区立板橋第一小学校校庭,18:00,板橋区,,https://nakajukuhigashi.com/posts/news32.html,,,都営三田線｢板橋区役所前｣,,,,,,,,,,,,,official,0,
517f02d4e3,サンシティ真夏の集い・こども祭 盆踊り,2026-07-19,2026-07-19,サンシティ（板橋区中台）,,板橋区,,https://www.suncity.jp/news-2/%E3%82%B5%E3%83%B3%E3%82%B7%E3%83%86%E3%82%A3%E7%9C%9F%E5%A4%8F%E3%81%AE%E9%9B%86%E3%81%84%E3%83%BB%E3%81%93%E3%81%A9%E3%82%82%E7%A5%AD%E3%80%80%E7%9B%86%E8%B8%8A%E3%82%8A%E3%80%80%E3%80%80%E3%80%80/,,,都営三田線｢志村三丁目｣,,,,,,,,,,,,,official,0,
e18285017f,盆踊り（上篠崎自治会）,2026-07-20,2026-07-21,浅間神社,,江戸川区,,https://www.city.edogawa.tokyo.jp/e037/kurashi/chiikicommunity/johokyoku/shishibone/event/bonodori.html,,,,,,,,,,,,,,,,official,0,
6b325b5e32,友愛十字会中庭,2026-07-23,2026-07-23,友愛十字会中庭,18:00,世田谷区,,https://www.city.setagaya.lg.jp/documents/2043/wakuwaku2026.pdf,,,小田急小田原線｢成城学園前｣,,,,,,,,,,,,,official,0,
0ef33a926c,吉祥寺ふれあい夏まつり(盆踊り),2026-07-23,2026-07-24,東急百貨店吉祥寺店 北側広場,,武蔵野市,,https://musashino-kanko.com/topics/musashino_natsumaturi-bonodori/,,,吉祥寺駅,,,,,,,,,,,,,official,500,
655315ac99,大盆踊り(柳通り),2026-07-23,2026-07-24,大盆踊り(柳通り),18:30,港区,,https://www.city.minato.tokyo.jp/documents/179419/20260630141053.pdf,,,JR線･都営線･営団線｢新橋｣,,,,,,,,,,,,,official,0,
c3d3aec173,新橋こいち祭,2026-07-23,2026-07-24,新橋こいち祭,15:00,港区,第29回,http://www.shinbashi.net/top/koichi/2026/,,,JR線･都営線･営団線｢新橋｣,,,,東京音頭、新橋音頭,,,,,,,,,official,280,
fe8509037f,浄土寺,2026-07-23,2026-07-24,浄土寺,18:30,港区,,https://shin5-yama.wixsite.com/akasakashin5choukai,,,千代田線｢赤坂｣･銀座線｢赤坂見附｣,,,,,,,,,,,,,ref,0,
f73196e4e4,浦守稲荷神社,2026-07-23,2026-07-24,浦守稲荷神社,19:00,大田区,,https://otakushoren.com/event/152793,,,京急本線｢梅屋敷｣,,,,,,,,,,,,,official,0,
29c8f92d24,上落合職員防災住宅,2026-07-24,2026-07-25,上落合職員防災住宅,18:30,新宿区,,https://ochi2.jimdofree.com/,,,東西線｢落合｣･西武新宿線｢中井｣,,,,,,,,,,,,,ref,0,
66134967c2,元町 盆踊り,2026-07-24,2026-07-25,元町港駐車場,,大島町,,http://minato-bon-odori.blogspot.com/,,,,,,,,,,,,,,,,ref,120,
7b46f132b8,北野公園,2026-07-24,2026-07-25,北野公園,19:00,足立区,,https://www.city.adachi.tokyo.jp/kuminjimu/chiikibunka/kuminsanka/higashiayase20-8.html,,,千代田線｢綾瀬｣･JR常磐線｢綾瀬｣,,,,,,,,,,,,,official,0,
c46e162b7f,増上寺 地蔵尊盆踊り大会,2026-07-24,2026-07-25,大本山 増上寺 大殿前広場,18:00,港区,,https://www.zojoji.or.jp/event/ev_bonodori.html,,,御成門駅/芝公園駅/大門駅/JR浜松町駅,,,,,,,,,,,,,official,900,
8695274566,大森鎮座 貴船神社,2026-07-24,2026-07-25,貴船神社,19:00,大田区,,http://bondance.s1002.xrea.com/2026/07/post-39.php,,,京急本線 大森町,,,,,,,,,,,,,ref,120,
31f91a2457,宮元公園,2026-07-24,2026-07-25,宮元公園,18:30,足立区,,https://www.city.adachi.tokyo.jp/kuminjimu/chiikibunka/kuminsanka/higashiayase20-8.html,,,千代田線｢綾瀬｣,,,,,,,,,,,,,official,0,
2d9ccf5baa,小菅めぐみ公園,2026-07-24,2026-07-25,小菅めぐみ公園,18:30,葛飾区,,http://bondance.s1002.xrea.com/2026/07/post-39.php,,,JR常磐線・千代田線 綾瀬,,,,,,,,,,,,,ref,120,
9ef1bafdd6,文泉公園,2026-07-24,2026-07-25,文泉公園,17:00,江東区,,https://minamisuna1.com/37573/,,,JR総武線｢亀戸｣･｢錦糸町｣･東武亀戸線｢亀戸水神｣,,,,,,,,,,,,,ref,0,
40219a1423,新宿区立北柏木公園,2026-07-24,2026-07-26,新宿区立北柏木公園,19:00,新宿区,,https://www.facebook.com/groups/1781950452065852,,,総武線 東中野/東西線 落合,,,,,,,,,,,,,ref,120,
b3b6feebaa,池尻稲荷神社,2026-07-24,2026-07-25,池尻稲荷神社,18:00,世田谷区,,https://www.city.setagaya.lg.jp/documents/2043/wakuwaku2026.pdf,,,田園都市線｢池尻大橋｣,,,,,,,,,,,,,official,0,
b20bece458,瑞江公園,2026-07-24,2026-07-24,瑞江公園,18:00,江戸川区,,https://www.city.edogawa.tokyo.jp/e036/kurashi/chiikicommunity/johokyoku/tobu/event/toubutikubonnodori.html,,,都営新宿線｢瑞江｣,,,,,,,,,,,,,official,0,
22037908c8,白ゆり公園(7月),2026-07-24,2026-07-25,白ゆり公園,19:00,葛飾区,,http://bondance.s1002.xrea.com/2026/07/post-39.php,,,JR常磐線 金町,,,,,,,,,,,,,ref,120,
c8fcb6f5e1,砧八丁目児童遊園,2026-07-24,2026-07-25,砧八丁目児童遊園,18:00,世田谷区,,https://www.city.setagaya.lg.jp/documents/891/168gou_5.pdf,,,小田急小田原線｢祖師ケ谷大蔵｣,,,,,,,,,,,,,official,0,
a7d9c8d9f0,糀屋氷川神社,2026-07-24,2026-07-25,糀屋氷川神社,17:00,足立区,,https://www.city.adachi.tokyo.jp/chiiki/bonfes2026.html,,,南北線｢王子神谷｣,,,,,,,,,,,,,official,0,
25de84c495,高島平五丁目第二公園,2026-07-24,2026-07-25,高島平五丁目第二公園,18:00,板橋区,,https://sites.google.com/view/takashima-choukai/home,,,都営三田線｢西高島平｣,,,,,,,,,,,,,official,0,
04f5541589,鬼子母神,2026-07-24,2026-07-25,鬼子母神,,豊島区,,https://www.homyoji.or.jp/kishimojin/event/,,,都電荒川線･副都心線｢鬼子母神前｣･山手線｢目白｣,,,,,,,,,,,,,official,0,
710a533e7d,笹塚大通り商店街 盆踊り,2026-07-24,2026-07-24,京王線笹塚駅ショッピングモール21前路上,19:00,渋谷区,,https://www.mall21.co.jp/,,,京王線 笹塚,,,,,,,,,,,,,official,0,
52db1ba520,玉川町会 盆踊り,2026-07-24,2026-07-25,二子玉川西地区ふれあい広場,19:00,世田谷区,,https://setagayatamagawa.com/,,,田園都市線・東急大井町線 二子玉川,,,,,,,,,,,,,official,0,
25d567cdb4,丸の内盆踊り2026（大手町・丸の内・有楽町 夏祭り）,2026-07-24,2026-07-24,行幸通り,19:00,千代田区,,https://www.marunouchi.com/pickup/event/9833/,,,東京駅,,,,,,,,,,,,,official,900,
39b71b1a2e,納涼盆踊り大会（共栄商店会）,2026-07-24,2026-07-25,練馬区立橋戸新田公園,18:00,練馬区,,https://www.nerima-kushoren.jp/eventlist,,,,,,,,,,,,,,,,official,0,
0b513bfa1c,千石二・三丁目町会 納涼踊り大会,2026-07-24,2026-07-25,川南公園（千石2-9-22）,18:30,江東区,,https://www.city.koto.lg.jp/101010/kurashi/komyunitei/chokai/jichikai/bonnodorinatsumatsuri/documents/20260708073059.pdf,,,,,,,,,,,,,,,,official,0,
dc17502382,盆踊り（本一色自治会）,2026-07-24,2026-07-25,本一色小学校,,江戸川区,,https://www.city.edogawa.tokyo.jp/e037/kurashi/chiikicommunity/johokyoku/shishibone/event/bonodori.html,,,,,,,,,,,,,,,,official,0,
3ab2841c6a,盆踊り（鹿骨五丁目町会）,2026-07-24,2026-07-25,鹿骨五丁目児童遊園,,江戸川区,,https://www.city.edogawa.tokyo.jp/e037/kurashi/chiikicommunity/johokyoku/shishibone/event/bonodori.html,,,,,,,,,,,,,,,,official,0,
10eea85240,盆踊り（篠崎仲町自治会）,2026-07-24,2026-07-25,篠崎小学校,,江戸川区,,https://www.city.edogawa.tokyo.jp/e037/kurashi/chiikicommunity/johokyoku/shishibone/event/bonodori.html,,,,,,,,,,,,,,,,official,0,
5ff0045d10,芦花公園納涼盆踊り大会,2026-07-24,2026-07-24,芦花公園駅前ロータリー,16:00,世田谷区,,https://www.rokakoen.tokyo/2026-07-07-001/,,,京王線｢芦花公園｣,,,,,,,,,,,,,official,0,
8e8e711e9a,ひので夏まつり,2026-07-25,2026-07-25,日の出町（会場は年により変更）,,西多摩・日の出町,,https://summer.walkerplus.com/odekake/detail_e/ar0313e603669/,,,武蔵引田駅ほか,,,,,,,,,,,,,ref,60,
53ba4b499c,三原台公園,2026-07-25,2026-07-26,三原台公園,18:00,練馬区,,http://www.senbadaiko.com/schedule/index.html,,,西武池袋線｢石神井公園｣･｢大泉学園｣,,,,,,,,,,,,,official,0,
07973bb468,三好三丁目児童遊園,2026-07-25,2026-07-26,三好三丁目児童遊園,,江東区,,https://minamisuna1.com/37573/,,,半蔵門線･都営大江戸線｢清澄白河｣,,,,,,,,,,,,,ref,0,
ceb9657a96,下丸子六所神社,2026-07-25,2026-07-26,下丸子六所神社,18:00,大田区,,https://otakushoren.com/event/164334,,,東急多摩川線｢下丸子｣,,,,,,,,,,,,,official,0,
669c16c9ff,下北沢盆踊り,2026-07-25,2026-07-26,下北沢東口駅前広場,16:00,世田谷区,,https://shimokitazawa-east.com/archives/8501,,,小田急線･京王井の頭線｢下北沢｣,,,,,,,,,,,,,official,900,
f79c4befad,世田谷区立奥沢小学校,2026-07-25,2026-07-26,世田谷区立奥沢小学校,17:30,世田谷区,,https://www.city.setagaya.lg.jp/documents/2043/wakuwaku2026.pdf,,,東急目黒線｢奥沢｣,,,,,,,,,,,,,official,0,
1ae4c93a15,今泉延命寺,2026-07-25,2026-07-26,今泉延命寺,19:00,大田区,,https://www.city.ota.tokyo.jp/kamata/ts_yaguchi/oshirase_event/summercalendar.html,,,東急多摩川線｢矢口渡｣,,,,,,,,,,,,,official,0,
73416ef5ff,伊藤谷公園,2026-07-25,2026-07-26,伊藤谷公園,18:30,足立区,,https://www.city.adachi.tokyo.jp/kuminjimu/chiikibunka/kuminsanka/higashiayase20-8.html,,,千代田線 綾瀬,,,,,,,,,,,,,official,120,
e575229fa9,傳通院,2026-07-25,2026-07-26,傳通院,18:00,文京区,,https://www.denzuin.or.jp/,,,丸ノ内線･南北線｢後楽園｣･三田線｢春日｣,,,,,,,,,,,,,official,0,
a77699bdf3,入谷中央公園,2026-07-25,2026-07-26,入谷中央公園,18:00,足立区,,https://www.city.adachi.tokyo.jp/kuminjimu/chiikibunka/kuminsanka/toneri2707.html,,,日暮里舎人ライナー｢舎人｣,,,,,,,,,,,,,official,0,
28751b4593,南篠崎公園,2026-07-25,2026-07-25,南篠崎公園,17:00,江戸川区,,https://www.city.edogawa.tokyo.jp/e036/kurashi/chiikicommunity/johokyoku/tobu/event/toubutikubonnodori.html,,,都営新宿線｢瑞江｣,,,,,,,,,,,,,official,0,
c5cf1551c6,喜多見駅前南側/北側広場,2026-07-25,2026-07-26,喜多見駅前南側/北側広場,21:00,世田谷区,,https://kitaminavi.com/topic/1545,,,小田急線｢喜多見｣,,,,,,,,,,,,,official,0,
8b2f398edf,天妙国寺境内,2026-07-25,2026-07-26,天妙国寺境内,17:00,品川区,,https://www.city.shinagawa.tokyo.jp/PC/shisetsu/shisetsu-kuyakusyo/shisetsu-kuyakusyo-chiiki/hpg000017088.html,,,京急線｢青物横丁｣･JR線｢大井町｣,,,,,,,,,,,,,official,0,
f6ecf8d09e,妙法寺,2026-07-25,2026-07-25,妙法寺,18:00,世田谷区,,https://www.city.setagaya.lg.jp/documents/891/168gou_5.pdf,,,小田急小田原線｢成城学園前｣,,,,,,,,,,,,,official,0,
1d848de771,宝町八幡神社,2026-07-25,2026-07-25,宝町八幡神社,18:30,葛飾区,,https://www.city.katsushika.lg.jp/_res/projects/default_project/_page_/001/028/707/20260619.pdf,,,京成本線｢お花茶屋｣･｢堀切菖蒲園｣,,,,,,,,,,,,,official,0,
eb1ee4d330,扇一丁目親栄児童遊園,2026-07-25,2026-07-25,扇一丁目親栄児童遊園,17:00,足立区,,https://www.city.adachi.tokyo.jp/chiiki/bonfes2026.html,,,日暮里舎人ライナー｢扇大橋｣･｢足立小台｣,,,,,,,,,,,,,official,0,
6de7042cfa,東京パークサイドビル前広場,2026-07-25,2026-07-25,東京パークサイドビル前広場,17:30,江東区,,https://www.kcf.or.jp/cms/files/pdf/original/51310.pdf,,,東西線｢木場｣,,,,,,,,,,,,,official,0,
02d2f5db76,横根稲荷神社,2026-07-25,2026-07-25,横根稲荷神社,18:30,世田谷区,,https://www.city.setagaya.lg.jp/documents/891/168gou_5.pdf,,,小田急小田原線｢祖師谷大蔵｣,,,,,,,,,,,,,official,0,
dd8c277517,江戸川中央公園,2026-07-25,2026-07-26,江戸川中央公園,18:00,江戸川区,,https://www.city.edogawa.tokyo.jp/e036/kurashi/chiikicommunity/johokyoku/tobu/event/toubutikubonnodori.html,,,都営新宿線｢瑞江｣,,,,,,,,,,,,,official,0,
114d8ebead,浄心寺,2026-07-25,2026-07-26,浄心寺,19:00,江東区,,https://minamisuna1.com/37573/,,,半蔵門線･大江戸線｢清澄白河｣,,,,,,,,,,,,,ref,0,
7097170e1f,深沢公園,2026-07-25,2026-07-25,深沢公園,17:00,世田谷区,,https://www.city.setagaya.lg.jp/documents/2043/wakuwaku2026.pdf,,,東急大井町線｢尾山台｣,,,,,,,,,,,,,official,0,
3ed12643a5,玉川中町公園,2026-07-25,2026-07-26,玉川中町公園,18:00,世田谷区,,https://www.city.setagaya.lg.jp/documents/2043/wakuwaku2026.pdf,,,大井町線｢上野毛｣,,,,,,,,,,,,,official,0,
fcb15896eb,田中稲荷神社,2026-07-25,2026-07-26,田中稲荷神社,18:00,足立区,,https://www.city.adachi.tokyo.jp/chiiki/bonfes2026.html,,,日暮里舎人ライナー｢扇大橋｣,,,,,,,,,,,,,official,0,
705d9888c9,篠原公園,2026-07-25,2026-07-26,篠原公園,18:00,葛飾区,,https://www.city.katsushika.lg.jp/_res/projects/default_project/_page_/001/028/707/20260619.pdf,,,京成押上線｢四ツ木｣･京成本線｢お花茶屋｣,,,,,,,,,,,,,official,0,
8b09f4a2b1,緑が丘児童公園,2026-07-25,2026-07-25,緑が丘児童公園,17:30,目黒区,,https://www.midorigaoka.online/news,,,東急大井町線｢緑が丘｣･東急東横線｢自由が丘｣,,,,,,,,,,,,,ref,0,
97b225a26e,芝浦三丁目なぎさ通り,2026-07-25,2026-07-25,芝浦三丁目なぎさ通り,,港区,,https://www.city.minato.tokyo.jp/documents/179419/20260630141053.pdf,,,JR線｢田町｣･都営線｢三田｣,,,,,,,,,,,,,official,0,
090e9e2b86,葛飾区立小松南小学校,2026-07-25,2026-07-26,葛飾区立小松南小学校,18:00,葛飾区,,https://newscast.jp/news/5841842,,,JR総武線｢新小岩｣,,,,,,,,,,,,,official,250,
b6fb5f39b8,諏訪木第三公園,2026-07-25,2026-07-26,諏訪木第三公園,18:00,足立区,,https://www.city.adachi.tokyo.jp/kuminjimu/chiikibunka/kuminsanka/ikou.html,,,日暮里舎人ライナー｢谷在家｣,,,,,,,,,,,,,official,0,
1dd80c5aa5,足立区立東伊興小学校,2026-07-25,2026-07-25,足立区立東伊興小学校,18:00,足立区,,https://www.city.adachi.tokyo.jp/kuminjimu/chiikibunka/kuminsanka/ikou.html,,,日暮里舎人ライナー｢舎人｣･東武伊勢崎線｢竹ノ塚｣,,,,,,,,,,,,,official,0,
a286a1c7da,足立区立西新井小学校,2026-07-25,2026-07-26,足立区立西新井小学校,17:30,足立区,,https://www.city.adachi.tokyo.jp/chiiki/bonfes2026.html,,,東武伊勢崎線｢大師前｣,,,,,,,,,,,,,official,0,
90eded0838,都立東綾瀬公園 パークタウン東綾瀬3号棟東側,2026-07-25,2026-07-25,都立東綾瀬公園 パークタウン東綾瀬3号棟東側,18:00,足立区,,https://www.city.adachi.tokyo.jp/kuminjimu/chiikibunka/kuminsanka/higashiayase20-8.html,,,千代田線｢北綾瀬｣,,,,,,,,,,,,,official,0,
8e5202f6aa,野毛六所神社,2026-07-25,2026-07-26,野毛六所神社,18:00,世田谷区,,https://www.city.setagaya.lg.jp/documents/2043/wakuwaku2026.pdf,,,東急目黒線｢奥沢｣,,,,,,,,,,,,,ref,0,
9d55835435,長五さくら公園,2026-07-25,2026-07-26,長五さくら公園,19:00,豊島区,,https://www.city.toshima.lg.jp/documents/56995/20260701_all.pdf,,,西武池袋線｢東長崎｣,,,,,,,,,,,,,official,0,
4ffef0a38a,大田文化の森 盆踊り,2026-07-25,2026-07-25,大田文化の森,18:00,大田区,,https://www.bunmori-unkyo.jp/,,,JR京浜東北根岸線 大森/京急本線 平和島,,,,,,,,,,,,,official,0,
ea248f512e,東陽一丁目町会 盆踊り大会,2026-07-25,2026-07-26,旧子供広場（東陽1-19-6）,18:00,江東区,,https://toyo1tyokai.1net.jp/schedule.html,,,東西線｢木場｣･｢東陽町｣,,,,,,,,,,,,,official,0,
286c501207,亀戸九丁目町会合同 納涼盆踊り大会,2026-07-25,2026-07-26,浅間堅川小学校校庭（亀戸9-22-4）,18:00,江東区,,https://www.city.koto.lg.jp/101010/kurashi/komyunitei/chokai/jichikai/bonnodorinatsumatsuri/documents/20260708073059.pdf,,,,,,,,,,,,,,,,official,0,
b92006bb00,内手昭和会・親子盆踊り大会,2026-07-25,2026-07-25,下鎌田小学校,18:00,江戸川区,,https://www.city.edogawa.tokyo.jp/e036/kurashi/chiikicommunity/johokyoku/tobu/event/toubutikubonnodori.html,,,都営新宿線｢瑞江｣,,,,,,,,,,,,,official,0,
f630b55aac,西瑞江四丁目町会 盆踊り,2026-07-25,2026-07-25,西瑞江四丁目第二児童遊園,18:30,江戸川区,,https://www.city.edogawa.tokyo.jp/e031/kurashi/chiikicommunity/johokyoku/chuo/event/tyuoutikukakigyoji.html,,,,,,,,,,,,,,,,official,0,
36a61926ee,一之江町会 盆踊り・夏まつり,2026-07-25,2026-07-26,一之江六丁目児童遊園,18:00,江戸川区,,https://www.city.edogawa.tokyo.jp/e031/kurashi/chiikicommunity/johokyoku/chuo/event/tyuoutikukakigyoji.html,,,,,,,,,,,,,,,,official,0,
6cd66dae98,五北町会 盆踊り,2026-07-25,2026-07-26,大杉第二小学校校庭,18:30,江戸川区,,https://www.city.edogawa.tokyo.jp/e031/kurashi/chiikicommunity/johokyoku/chuo/event/tyuoutikukakigyoji.html,,,,,,,,,,,,,,,,official,0,
460076f1e8,盆踊り大会（宇喜田十四軒自治会）,2026-07-25,2026-07-25,さくら公園,17:30,江戸川区,,https://www.city.edogawa.tokyo.jp/e034/kurashi/chiikicommunity/johokyoku/kasai/event/index.html,,,,,,,,,,,,,,,,official,0,
ca87725990,納涼盆踊り大会（宇喜田十八軒自治会）,2026-07-25,2026-07-26,行船公園噴水広場,18:30,江戸川区,,https://www.city.edogawa.tokyo.jp/e034/kurashi/chiikicommunity/johokyoku/kasai/event/index.html,,,,,,,,,,,,,,,,official,0,
a455d75df0,夏休み盆踊り大会（清新北ハイツ自治会）,2026-07-25,2026-07-25,清新北ハイツ管理事務所付近,17:00,江戸川区,,https://www.city.edogawa.tokyo.jp/e034/kurashi/chiikicommunity/johokyoku/kasai/event/index.html,,,,,,,,,,,,,,,,official,0,
81692aefbd,納涼盆踊り大会（伊興北町会）,2026-07-25,2026-07-25,東伊興小学校校庭,18:00,足立区,,https://www.city.adachi.tokyo.jp/chiiki/bonfes2026.html,,,,,,,,,,,,,,,,official,0,
5d4223eba3,納涼盆踊り大会（東和二丁目自治会・東和二丁目西自治会）,2026-07-25,2026-07-26,区立第六天公園,18:00,足立区,,https://www.city.adachi.tokyo.jp/chiiki/bonfes2026.html,,,千代田線｢北綾瀬｣,,,,,,,,,,,,,official,0,
7be1535911,盆踊り大会（竹の塚上町会）,2026-07-25,2026-07-26,竹塚神社境内,18:30,足立区,,https://www.city.adachi.tokyo.jp/chiiki/bonfes2026.html,,,,,,,,,,,,,,,,official,0,
3bdbf8081c,盆踊り（鹿骨三丁目町会）,2026-07-25,2026-07-26,鹿骨東小学校,,江戸川区,,https://www.city.edogawa.tokyo.jp/e037/kurashi/chiikicommunity/johokyoku/shishibone/event/bonodori.html,,,,,,,,,,,,,,,,official,0,
323741f456,雪谷商店街 雪谷盆踊り,2026-07-25,2026-07-26,雪谷商店街（雪が谷大塚駅南改札すぐ）,19:00,大田区,,https://yukigaya-shotengai.jp/news_menu/information2026-summer/,,,東急池上線｢雪が谷大塚｣,,,,,,,,,,,,,official,0,
ddf9773c9a,あすと納涼流し踊り2026,2026-07-25,2026-07-25,あすと商店街アーケード内,18:30,大田区,,https://asuto.tokyo/events/view/48,,,京急線｢京急蒲田｣,,,,,,,,,,,,,official,0,
3bd1ec572f,品川区立第四日野小学校,2026-07-26,2026-07-26,品川区立第四日野小学校,,品川区,,https://www.city.shinagawa.tokyo.jp/ct/pdf/20260626135746_1.pdf,,,東急目黒線｢不動前｣,,,,,,,,,,,,,official,0,
2849c442ad,幡ヶ谷新道公園前,2026-07-26,2026-07-27,幡ヶ谷新道公園前,17:00,渋谷区,,https://files.city.shibuya.tokyo.jp/assets/12995aba8b194961be709ba879857f70/9fa6ef6159f44da4983cc61d87d128ac/260701_web_mix.pdf,,,京王線｢幡ヶ谷｣,,,,,,,,,,,,,official,0,
9c5d4f33df,新小川公園,2026-07-26,2026-07-26,新小川公園,18:00,新宿区,,https://www.city.shinjuku.lg.jp/kusei/kashiwagi01_000001_00037.html,,,東西線･有楽町線･JR総武中央線｢飯田橋｣,,,,,,,,,,,,,official,0,
a7453c56aa,白金児童遊園(猿町公園),2026-07-26,2026-07-26,白金児童遊園(猿町公園),19:00,港区,,https://www.city.minato.tokyo.jp/documents/179419/20260630141053.pdf,,,都営浅草線｢高輪台｣,,,,,,,,,,,,,official,0,
e36770c829,豊洲町会 納涼盆踊り大会,2026-07-26,2026-07-27,深川第五中学校(例年),,江東区,,https://www.toyosu.or.jp/archives/3127,,,豊洲駅,,,,,,,,,,,,,official,250,
87d164eb46,青山善光寺境内,2026-07-26,2026-07-27,青山善光寺境内,18:30,港区,,https://www.city.minato.tokyo.jp/documents/179419/20260630141053.pdf,,,メトロ線｢表参道｣,,,,,,,,,,,,,official,0,
8c4e5cd85e,第22回「エドモント夏まつり2026」,2026-07-28,2026-07-28,ホテルメトロポリタン エドモント 宴会場（本館2階）,17:00,千代田区,,https://edmont.metropolitan.jp/,,,飯田橋駅,,,,,,,,,,,,,official,250,
67cc448acc,第44回すみだ錦糸町河内音頭大盆踊り,2026-07-29,2026-07-30,江東橋堅川親水公園(首都高速7号線高架下),17:30,墨田区,,https://www.kinshicho-kawachiondo.jp/,,,総武線｢錦糸町｣南口･半蔵門線｢錦糸町｣,,,,河内音頭,,,,,,,,,official,900,
fd65d6ea7a,第79回築地本願寺納涼盆踊り大会,2026-07-29,2026-08-01,築地本願寺,19:00,中央区,,https://tsukijihongwanji.jp/news/11529/,,,日比谷線｢築地｣,,,,,,,,,,,,,official,900,
9590f564a1,大田区立道塚小学校,2026-07-30,2026-07-31,大田区立道塚小学校,18:00,大田区,,https://xn--6oq58tg5q04t7oq.tokyo/wp-content/uploads/2026/05/530cf143232ce0a856af1c29657ad543.pdf,,,東急多摩川線｢矢口渡｣･東急池上線｢蓮沼｣,,,,,,,,,,,,,official,0,
7f20a5422d,大手町縁日 2026,2026-07-30,2026-07-31,大手町仲通り・大手町フィナンシャルシティ アトリウムほか,17:00,千代田区,,https://www.marunouchi.com/pickup/event/9868/,,,大手町駅,,,,,,,,,,,,,official,0,
067c115b0c,第47回 サンシャインシティ納涼盆踊り大会,2026-07-30,2026-08-01,サンシャインシティ サンシャイン広場,19:00,豊島区,,https://sunshinecity.jp/event/entry-37720.html,,,東池袋駅,,,,,,,,,,,,,official,900,
328b6486e8,八名川地区連合町会 納涼音頭大会,2026-07-30,2026-08-01,八名川公園（新大橋3-1-1）,18:30,江東区,,https://shinohashi.amebaownd.com/posts/58980811,,,森下駅,,,,,,,,,,,,,official,0,
8c50b29257,盆踊り（西篠崎町会）,2026-07-30,2026-07-31,鹿骨第三広場,,江戸川区,,https://www.city.edogawa.tokyo.jp/e037/kurashi/chiikicommunity/johokyoku/shishibone/event/bonodori.html,,,,,,,,,,,,,,,,official,0,
a30454b9da,埠頭公園,2026-07-31,2026-08-01,埠頭公園,18:00,港区,,https://www.city.minato.tokyo.jp/documents/179419/20260630141053.pdf,,,ゆりかもめ｢芝浦ふ頭｣･山手線｢田町｣,,,,,,,,,,,,,official,0,
dfbcf0c2cc,岡田 盆踊り,2026-07-31,2026-08-01,岡田港駐車場,,大島町,,http://minato-bon-odori.blogspot.com/,,,,,,,,,,,,,,,,ref,120,
4e940a7f31,梅田南公園,2026-07-31,2026-08-01,梅田南公園,17:30,足立区,,https://www.city.adachi.tokyo.jp/chiiki/bonfes2026.html,,,東武伊勢崎線｢梅島｣,,,,,,,,,,,,,official,0,
8507f2b492,第71回恵比寿駅前盆踊り大会（全恵比寿納涼盆踊大会）,2026-07-31,2026-08-01,JR恵比寿駅西口広場,17:30,渋谷区,,https://ebisubondance.jp/,,,日比谷線･山手線｢恵比寿｣,,,,,,,,,,,,,official,900,
25448b5e6f,蛭沼公園,2026-07-31,2026-08-01,蛭沼公園,18:30,足立区,,https://www.city.adachi.tokyo.jp/kuminjimu/chiikibunka/kuminsanka/higashiayase20-8.html,,,千代田線｢綾瀬｣,,,,,,,,,,,,,official,0,
462b6cbab0,大島一・二丁目町会 納涼盆踊り大会,2026-07-31,2026-08-01,第一大島小学校（大島2-41-4）,18:00,江東区,,https://www.city.koto.lg.jp/101010/kurashi/komyunitei/chokai/jichikai/bonnodorinatsumatsuri/documents/20260708073059.pdf,,,,,,,,,,,,,,,,official,0,
589a1158ac,中野駅前大盆踊り大会,2026-08-01,2026-08-02,中野セントラルパーク,,中野区,第14回,https://nakabon.jp/,,,中野駅,,,,中野音頭、東京音頭、炭坑節、ドダレバチ、鹿児島おはら,,,,,,,,,official,1400,
d4dd19ba3a,五郎久保稲荷神社,2026-08-01,2026-08-02,五郎久保稲荷神社,18:30,豊島区,,https://www.city.toshima.lg.jp/documents/56995/20260701_all.pdf,,,西武池袋線｢東長崎｣･都営大江戸線｢落合南長崎｣,,,,,,,,,,,,,official,0,
e189c81ca1,天祖神社 下丸子児童遊園(タコ公園),2026-08-01,2026-08-02,天祖神社 下丸子児童遊園(タコ公園),18:00,大田区,,https://www.city.ota.tokyo.jp/kamata/ts_yaguchi/oshirase_event/summercalendar.html,,,東急多摩川線｢下丸子｣,,,,,,,,,,,,,official,0,
708991a6a8,新田稲荷公園,2026-08-01,2026-08-02,新田稲荷公園,18:00,足立区,,https://www.city.adachi.tokyo.jp/chiiki/bonfes2026.html,,,南北線｢王子神谷｣,,,,,,,,,,,,,official,0,
65144fc27b,東伊興氷川神社,2026-08-01,2026-08-01,東伊興氷川神社,18:00,足立区,,https://www.city.adachi.tokyo.jp/kuminjimu/chiikibunka/kuminsanka/ikou.html,,,東武伊勢崎線｢竹ノ塚｣,,,,,,,,,,,,,official,0,
ca50c54821,深川一丁目児童遊園,2026-08-01,2026-08-01,深川一丁目児童遊園,18:00,江東区,,https://minamisuna1.com/37573/,,,都営大江戸線｢門前仲町｣･半蔵門線｢清澄白河｣,,,,,,,,,,,,,ref,0,
121d7e82fc,第54回ホリデープロムナード ゆかたで銀ぶら,2026-08-01,2026-08-01,銀座三丁目交差点(松屋銀座前),18:00,中央区,,https://ginbura.ginza.jp/,,,東京メトロ｢銀座｣･JR｢有楽町｣,,,,,,,,,,,,,official,0,
c9525c1e29,花畑公園,2026-08-01,2026-08-01,花畑公園,16:00,足立区,,https://www.city.adachi.tokyo.jp/kuminjimu/chiikibunka/kuminsanka/chokai-hanahata426.html,,,東武スカイツリーライン｢竹ノ塚｣ バス花畑団地行き｢団地入口｣,,,,,,,,,,,,,official,0,
91b0f8332e,葛飾区医師会附属看護専門学校校庭,2026-08-01,2026-08-02,葛飾区医師会附属看護専門学校校庭,17:30,葛飾区,,https://www.city.katsushika.lg.jp/_res/projects/default_project/_page_/001/028/707/20260619.pdf,,,京成電鉄押上線｢四ツ木｣,,,,,,,,,,,,,official,0,
52d13dd7b4,都立中川公園ふれあい広場,2026-08-01,2026-08-02,都立中川公園ふれあい広場,18:00,足立区,,https://www.city.adachi.tokyo.jp/kuminjimu/chiikibunka/kuminsanka/chokai-nakagawa.html,,,常磐線｢亀有｣,,,,,,,,,,,,,official,0,
f20d96a3d5,GINZA SIX 盆踊り,2026-08-01,2026-08-01,GINZA SIX ガーデン 屋上庭園,16:00,中央区,,https://ginbura.ginza.jp/,,,東京メトロ 銀座/JR 有楽町,,,,,,,,,,,,,official,0,
6467a6ab6d,東陽四丁目連合 盆踊り,2026-08-01,2026-08-02,文化センターコミュニティ中庭（東陽4-11-3）,18:30,江東区,,https://www.city.koto.lg.jp/101010/kurashi/komyunitei/chokai/jichikai/bonnodorinatsumatsuri/documents/20260708073059.pdf,,,東陽町駅,,,,,,,,,,,,,official,0,
845447fafb,海辺町会 納涼盆踊り大会,2026-08-01,2026-08-02,川南海辺公園（海辺1-3）,19:00,江東区,,https://www.city.koto.lg.jp/101010/kurashi/komyunitei/chokai/jichikai/bonnodorinatsumatsuri/documents/20260708073059.pdf,,,,,,,,,,,,,,,,official,0,
67f2c7c14b,納涼盆踊り大会（シティコープ清新・清新プラザ・清新中央ハイツ自治会）,2026-08-01,2026-08-02,清新町緑道,18:30,江戸川区,,https://www.city.edogawa.tokyo.jp/e034/kurashi/chiikicommunity/johokyoku/kasai/event/index.html,,,,,,,,,,,,,,,,official,0,
e041285b55,盆踊り大会（中央本町若松町会）,2026-08-01,2026-08-01,若松公園,19:00,足立区,,https://www.city.adachi.tokyo.jp/chiiki/bonfes2026.html,,,,,,,,,,,,,,,,official,0,
41eb4358a0,盆踊り（扇一丁目寺地明和会）,2026-08-01,2026-08-02,扇南公園,18:00,足立区,,https://www.city.adachi.tokyo.jp/chiiki/bonfes2026.html,,,,,,,,,,,,,,,,official,0,
519f2bd0d3,盆踊り（興野町会）,2026-08-01,2026-08-02,興野神社境内,18:00,足立区,,https://www.city.adachi.tokyo.jp/chiiki/bonfes2026.html,,,,,,,,,,,,,,,,official,0,
e4d5887f35,盆踊り（扇南町会）,2026-08-01,2026-08-02,三嶋神社,18:00,足立区,,https://www.city.adachi.tokyo.jp/chiiki/bonfes2026.html,,,,,,,,,,,,,,,,official,0,
9fb399adc2,墨田区民納涼民踊大会（東京ソラマチ夏まつり）,2026-08-01,2026-08-03,東京スカイツリータウン1階 ソラマチひろば,18:00,墨田区,,https://www.tokyo-solamachi.jp/cms-pdf/notice/0145c71150de8e2557202f2d48f9191c55112620261406.pdf,,,東武スカイツリーライン｢とうきょうスカイツリー｣,,,,,,,,,,,,,official,240,
ab717d742a,花園神社盆踊り,2026-08-01,2026-08-02,花園神社 境内,19:00,新宿区,,https://www.traveltowns.jp/matsuri/hanazono-jinja-bonodori/,,,新宿三丁目駅E2出口すぐ・新宿駅東口徒歩7分,,,,,,,,,,,,,ref,300,
46c8c7ce89,しょうぶ沼公園,2026-08-02,2026-08-03,しょうぶ沼公園,18:00,足立区,,https://www.city.adachi.tokyo.jp/kuminjimu/chiikibunka/kuminsanka/higashiayase20-8.html,,,千代田線｢北綾瀬｣,,,,,,,,,,,,,official,0,
d2374c2b08,矢口二丁目公園,2026-08-02,2026-08-03,矢口二丁目公園,18:30,大田区,,https://www.city.ota.tokyo.jp/kamata/ts_yaguchi/oshirase_event/summercalendar.html,,,東急多摩川線｢武蔵新田｣,,,,,,,,,,,,,official,0,
20c42df615,野増 盆踊り,2026-08-02,2026-08-03,野増会館広場,,大島町,,http://minato-bon-odori.blogspot.com/,,,,,,,,,,,,,,,,ref,120,
2198e56e5d,納涼盆踊り大会（千住緑町町会）,2026-08-02,2026-08-02,千住緑町会館前,18:00,足立区,,https://www.city.adachi.tokyo.jp/chiiki/bonfes2026.html,,,,,,,,,,,,,,,,official,0,
9813b55195,鐡砲洲納涼盆踊り,2026-08-03,2026-08-05,鉄砲洲児童公園,18:45,中央区,,http://chokai-jichikai.genki365.net/gnkc08/mypage/index.php?gid=G0000050,,,日比谷線･京葉線｢八丁堀｣,,,,,,,,,,,,,ref,0,
7543629c26,駒沢緑泉公園 納涼盆踊り大会,2026-08-03,2026-08-04,駒沢緑泉公園,19:00,世田谷区,,https://www.city.setagaya.lg.jp/documents/2043/wakuwakusama-purann.pdf,,,駒沢大学,,,,,,,,,,,,,official,0,
07072e44b8,池上本門寺,2026-08-04,2026-08-05,池上本門寺,19:00,大田区,,https://otakushoren.com/event/120742,,,東急池上線｢池上｣,,,,,,,,,,,,,official,0,
b70c88788d,納涼盆踊り大会（東綾瀬自治会）,2026-08-06,2026-08-07,東綾瀬公園,19:00,足立区,,https://www.city.adachi.tokyo.jp/chiiki/bonfes2026.html,,,千代田線｢北綾瀬｣,,,,,,,,,,,,,official,0,
5c641a6b62,明石町町会 納涼盆踊り,2026-08-06,2026-08-07,中央区立明石小学校校庭,18:00,中央区,,https://chuo9.tokyo/event/366/,,,築地,,,,,,,,,,,,,ref,0,
65161f0b02,亀戸二丁目団地 1号棟前広場,2026-08-07,2026-08-08,亀戸二丁目団地 1号棟前広場,17:00,江東区,,https://koto-kameido.com/,,,総武線｢錦糸町｣,,,,,,,,,,,,,official,0,
86ee14705c,令和8年 神田明神納涼祭り,2026-08-07,2026-08-09,神田明神境内,16:30,千代田区,,https://www.nouryo-matsuri.com/,,,中央線･総武線｢御茶ノ水｣･JR線｢秋葉原｣,,,,ドラえもん音頭、サンシャインぴっかぴか音頭、おそ松くん音頭、炭坑節、東京音頭、神田明神音頭、邪神ちゃん音頭、クックロビン音頭、ダンシングヒーロー、おジャ魔女カーニバル,,,,,,,,,official,250,
588fe2f509,八王子まつり(盆踊り・民踊流し含む),2026-08-07,2026-08-09,甲州街道・西放射線ユーロード等 市街地一帯,18:00,八王子市,,https://www.hachiojimatsuri.jp/,,,八王子駅/京王八王子駅,,,,,,,,,,,,,official,250,
38b3c2b697,加平第二公園,2026-08-07,2026-08-08,加平第二公園,18:00,足立区,,https://www.city.adachi.tokyo.jp/kuminjimu/chiikibunka/kuminsanka/higashiayase20-8.html,,,千代田線｢北綾瀬｣,,,,,,,,,,,,,official,0,
8981acc9ef,南砂北公園(カバ公園),2026-08-07,2026-08-08,南砂北公園(カバ公園),18:00,江東区,,https://minamisuna1-2chokai.com/news/,,,東西線｢東陽町｣,,,,,,,,,,,,,official,0,
a62f43af30,南蔵院 駐車場,2026-08-07,2026-08-08,南蔵院 駐車場,19:00,足立区,,https://www.city.adachi.tokyo.jp/chiiki/bonfes2026.html,,,つくばエクスプレス｢八潮｣,,,,,,,,,,,,,official,0,
e06ac6721a,妙延寺,2026-08-07,2026-08-08,妙延寺,18:30,練馬区,,http://www.senbadaiko.com/schedule/index.html,,,西武池袋線｢大泉学園｣,,,,,,,,,,,,,official,0,
43318fe94c,東八幡神社,2026-08-07,2026-08-08,東八幡神社,19:00,大田区,,https://www.city.ota.tokyo.jp/kamata/ts_yaguchi/oshirase_event/summercalendar.html,,,東急多摩川線｢矢口渡｣,,,,,,,,,,,,,official,0,
f2f31bde75,鷲神社,2026-08-07,2026-08-08,鷲神社,18:00,足立区,,https://www.city.adachi.tokyo.jp/chiiki/bonfes2026.html,,,東武伊勢崎線･東武大師線｢西新井｣,,,,,,,,,,,,,official,0,
8053d09439,第47回納涼盆踊り大会（北大泉商栄会）,2026-08-07,2026-08-08,大泉第一小学校校庭,18:00,練馬区,,https://www.nerima-kushoren.jp/eventlist,,,大泉学園駅,,,,,,,,,,,,,official,0,
d3acbb7ec2,千田町会 納涼盆踊り大会,2026-08-07,2026-08-08,江東公園（千田16-5）,19:00,江東区,,https://www.city.koto.lg.jp/101010/kurashi/komyunitei/chokai/jichikai/bonnodorinatsumatsuri/documents/20260708073059.pdf,,,半蔵門線｢住吉｣･東西線｢東陽町｣,,,,,,,,,,,,,official,0,
39146b5d8d,納涼盆おどり大会（西新井本町二丁目町会）,2026-08-07,2026-08-08,高野公園,18:30,足立区,,https://www.city.adachi.tokyo.jp/chiiki/bonfes2026.html,,,,,,,,,,,,,,,,official,0,
b81232d57d,盆踊り（篠崎本郷町会）,2026-08-07,2026-08-08,篠崎二丁目公園,,江戸川区,,https://www.city.edogawa.tokyo.jp/e037/kurashi/chiikicommunity/johokyoku/shishibone/event/bonodori.html,,,,,,,,,,,,,,,,official,0,
af625cd1b5,王子本町二丁目町会 本二の祭り,2026-08-07,2026-08-09,王子本町公園,,北区,,https://www.chokai.info/ojihoncho2/038034.php,,,王子,,,,,,,,,,,,,official,0,
dbc6d5ad69,柴又北野町会 納涼盆踊り大会,2026-08-07,2026-08-08,北野小学校校庭（柴又3-10-1）,19:00,葛飾区,,https://www.city.katsushika.lg.jp/_res/projects/default_project/_page_/001/028/707/080731.pdf,,,柴又,,,,,,,,,,,,,official,0,
6fdffec465,つばさ祭り（水元つばさ子ども会）,2026-08-07,2026-08-08,西水元つばさ公園（西水元4-10）,19:00,葛飾区,,https://www.city.katsushika.lg.jp/_res/projects/default_project/_page_/001/028/707/080731.pdf,,,亀有,,,,,,,,,,,,,official,0,
1879cff2d6,十条駅前盆踊り,2026-08-07,2026-08-09,JR十条駅前広場（ロータリー）,18:30,北区,,https://tokyokita.goguynet.jp/2026/08/02/ojijinjyasairei_jujo_bonodori2026/,,,十条,,,,,,,,,,,,,ref,0,
bf37d233d4,ゐの市盆踊り～不忍夢～,2026-08-07,2026-08-16,上野恩賜公園 袴腰広場,19:00,台東区,,https://x.com/ueno_club,,,上野,,,,,,,,,,,,,ref,0,
f416c9b8e6,第7回 渋谷盆踊り,2026-08-08,2026-08-08,渋谷(北谷公園ほか),,渋谷区,,https://summer.walkerplus.com/odekake/detail_e/ar0313e557931/,,,渋谷駅,,,,,,,,,,,,,ref,120,
a825a78bcd,辰沼二丁目公園,2026-08-08,2026-08-08,辰沼二丁目公園,19:00,足立区,,https://www.city.adachi.tokyo.jp/chiiki/bonfes2026.html,,,千代田線｢北綾瀬｣,,,,,,,,,,,,,official,0,
9be8a6499e,とよす夏祭り in ららぽーと豊洲,2026-08-08,2026-08-09,アーバンドック ららぽーと豊洲1 シーサイドデッキ,16:00,江東区,,https://mitsui-shopping-park.com/lalaport/toyosu/,,,有楽町線・ゆりかもめ 豊洲,,,,,,,,,,,,,official,0,
e50a994c1e,麻布台ヒルズ 納涼祭り 2026,2026-08-08,2026-08-11,麻布台ヒルズ 中央広場ほか,17:00,港区,,https://www.azabudai-hills.com/whats_on/2026/08/0382.html,,,神谷町駅,,,,,,,,,,,,,official,0,
687447ac5d,亀戸四丁目 納涼盆踊り大会,2026-08-08,2026-08-09,ふれあい公園（亀戸4-21-19）,19:00,江東区,,https://www.city.koto.lg.jp/101010/kurashi/komyunitei/chokai/jichikai/bonnodorinatsumatsuri/documents/20260708073059.pdf,,,亀戸駅,,,,,,,,,,,,,official,0,
56abe3931a,豊田神社奉納盆踊り大会,2026-08-08,2026-08-08,豊田神社・東部公園,18:00,江戸川区,,https://www.city.edogawa.tokyo.jp/e036/kurashi/chiikicommunity/johokyoku/tobu/event/toubutikubonnodori.html,,,都営新宿線｢瑞江｣,,,,,,,,,,,,,official,0,
e75c50e91e,盆踊り大会（新田町会）,2026-08-08,2026-08-08,新田公園,18:00,江戸川区,,https://www.city.edogawa.tokyo.jp/e034/kurashi/chiikicommunity/johokyoku/kasai/event/index.html,,,,,,,,,,,,,,,,official,0,
087c83dde6,納涼盆踊り大会（長島町会）,2026-08-08,2026-08-09,長島香取神宮境内,18:00,江戸川区,,https://www.city.edogawa.tokyo.jp/e034/kurashi/chiikicommunity/johokyoku/kasai/event/index.html,,,,,,,,,,,,,,,,official,0,
7d3edaa08d,千住本町五町会盆踊り大会,2026-08-08,2026-08-08,千住本町住区センター前（板垣通り）,18:30,足立区,,https://www.city.adachi.tokyo.jp/chiiki/bonfes2026.html,,,,,,,,,,,,,,,,official,0,
7870de2746,納涼盆踊り大会（蒲谷自治会）,2026-08-08,2026-08-09,東綾瀬公園,18:30,足立区,,https://www.city.adachi.tokyo.jp/chiiki/bonfes2026.html,,,千代田線｢北綾瀬｣,,,,,,,,,,,,,official,0,
fc856e9b74,高野町会盆踊り大会,2026-08-08,2026-08-09,高野胡録神社,18:00,足立区,,https://www.city.adachi.tokyo.jp/chiiki/bonfes2026.html,,,,,,,,,,,,,,,,official,0,
117da34c57,盆踊り（本木東町会）,2026-08-08,2026-08-09,御嶽神社,19:00,足立区,,https://www.city.adachi.tokyo.jp/chiiki/bonfes2026.html,,,扇大橋,,,,,,,,,,,,,official,0,
f15a83396e,さつき自治会 ふれあい夏祭り盆踊り大会,2026-08-08,2026-08-08,新宿6丁目アパート団地広場（新宿6-5）,18:00,葛飾区,,https://www.city.katsushika.lg.jp/_res/projects/default_project/_page_/001/028/707/080731.pdf,,,金町,,,,,,,,,,,,,official,0,
4d1f22c45e,いいづか夏祭り,2026-08-08,2026-08-09,飯塚小学校（南水元1-13-1）,18:00,葛飾区,,https://www.city.katsushika.lg.jp/_res/projects/default_project/_page_/001/028/707/080731.pdf,,,金町,,,,,,,,,,,,,official,0,
80156f5b87,亀戸五丁目町会 夏まつり盆踊り,2026-08-08,2026-08-09,水神小学校校庭（亀戸5-22-22）,17:00,江東区,,https://www.city.koto.lg.jp/101010/kurashi/komyunitei/chokai/jichikai/bonnodorinatsumatsuri/documents/20260708073059.pdf,,,亀戸,,,,,,,,,,,,,official,0,
bce8f6b775,とよす夏祭り2026 盆踊り,2026-08-08,2026-08-16,ららぽーと豊洲1 1Fシーサイドデッキ,18:30,江東区,,https://mitsui-shopping-park.com/lalaport/toyosu/event/3420509.html,,,豊洲,,,,,,,,,,,,,official,0,
a721987f43,かまたえん空祭り 盆踊り,2026-08-08,2026-08-09,東急プラザ蒲田 屋上かまたえん,18:00,大田区,,https://www.o-2.jp/event/kamataen-soramatsuri2026/,,,蒲田,,,,,,,,,,,,,official,0,
b353c029a0,箱崎睦会 盆踊り,2026-08-08,2026-08-08,箱崎公園,18:30,中央区,,http://www.hakozaki4.cher-ish.net/,,,水天宮前,,,,,,,,,,,,,ref,0,
527965bead,篠崎6丁目第二広場(アスレチック公園),2026-08-09,2026-08-10,篠崎6丁目第二広場(アスレチック公園),18:30,江戸川区,,https://www.city.edogawa.tokyo.jp/e036/kurashi/chiikicommunity/johokyoku/tobu/event/toubutikubonnodori.html,,,都営新宿線｢篠崎｣,,,,,,,,,,,,,official,0,
9086ee1a1e,扇橋三丁目町会 納涼盆踊り大会,2026-08-09,2026-08-10,つばめ幼稚園（扇橋3-20-13）,18:00,江東区,,https://www.city.koto.lg.jp/101010/kurashi/komyunitei/chokai/jichikai/bonnodorinatsumatsuri/documents/20260708073059.pdf,,,,,,,,,,,,,,,,official,0,
554650a686,下篠崎町会盆踊り大会,2026-08-09,2026-08-10,篠崎六丁目第二広場,18:30,江戸川区,,https://www.city.edogawa.tokyo.jp/e036/kurashi/chiikicommunity/johokyoku/tobu/event/toubutikubonnodori.html,,,,,,,,,,,,,,,,official,0,
c23257370b,鹿骨二丁目町会 盆踊り,2026-08-09,2026-08-10,鹿骨中学校,,江戸川区,,https://www.city.edogawa.tokyo.jp/e037/kurashi/chiikicommunity/johokyoku/shishibone/event/bonodori.html,,,篠崎,,,,,,,,,,,,,official,0,
4013fd060b,給田納涼盆踊り,2026-08-09,2026-08-10,給田千手観音堂,,世田谷区,,https://www.city.setagaya.lg.jp/documents/2043/wakuwakusama-purann.pdf,,,仙川,,,,,,,,,,,,,official,0,
1885107e6b,西久保八幡神社 例大祭盆踊り,2026-08-09,2026-08-11,西久保八幡神社境内（虎ノ門5-10-14）,18:00,港区,,https://hachimanjinja.or.jp/main/?p=5801,,,神谷町,,,,,,,,,,,,,official,0,
7b5a7a4025,祖師谷観世音堂 盆踊り,2026-08-09,2026-08-10,祖師谷観世音堂,18:30,世田谷区,,https://x.com/SOSHIGAYASHOTEN,,,成城学園前,,,,,,,,,,,,,ref,0,
a75c2632a6,第2回 とよす夏祭り 2026,2026-08-11,2026-08-11,アーバンドック ららぽーと豊洲1 1F シーサイドデッキ(屋外中庭),16:00,江東区,,https://mitsui-shopping-park.com/lalaport/toyosu/event/3420509.html,,,有楽町線･ゆりかもめ｢豊洲｣,,,,,,,,,,,,,official,0,
e43a08b922,とよす夏祭り in ららぽーと豊洲(2),2026-08-11,2026-08-11,アーバンドック ららぽーと豊洲1 シーサイドデッキ,16:00,江東区,,https://mitsui-shopping-park.com/lalaport/toyosu/,,,有楽町線・ゆりかもめ 豊洲,,,,,,,,,,,,,official,0,
1a382bbb10,北の山 盆踊り,2026-08-14,2026-08-15,北の山公民館駐車場,,大島町,,http://minato-bon-odori.blogspot.com/,,,,,,,,,,,,,,,,ref,120,
38468ab1a1,松島西町会 納涼踊り,2026-08-14,2026-08-15,松島四丁目公園,18:00,江戸川区,,https://www.city.edogawa.tokyo.jp/e031/kurashi/chiikicommunity/johokyoku/chuo/event/tyuoutikukakigyoji.html,,,,,,,,,,,,,,,,official,0,
589113a125,納涼盆踊り（仲町町会）,2026-08-14,2026-08-15,中割天祖神社,18:30,江戸川区,,https://www.city.edogawa.tokyo.jp/e034/kurashi/chiikicommunity/johokyoku/kasai/event/index.html,,,,,,,,,,,,,,,,official,0,
e42b726133,豊洲千客万来 盆踊り,2026-08-14,2026-08-14,豊洲千客万来 2階 時の鐘広場,15:00,江東区,,https://www.toyosu-senkyakubanrai.jp/eventnews/0801,,,市場前,,,,,,,,,,,,,official,0,
a4b823f55a,歌舞伎町BON ODORI,2026-08-14,2026-08-15,歌舞伎町シネシティ広場,17:00,新宿区,,https://prtimes.jp/main/html/rd/p/000000006.000147394.html,,,西武新宿/新宿,,,,,,,,,,,,,official,0,
ea994c1ec0,第2回 とよす夏祭り 2026,2026-08-15,2026-08-16,アーバンドック ららぽーと豊洲1 1F シーサイドデッキ(屋外中庭),16:00,江東区,,https://mitsui-shopping-park.com/lalaport/toyosu/event/3420509.html,,,有楽町線･ゆりかもめ｢豊洲｣,,,,,,,,,,,,,official,0,
95935366a4,とよす夏祭り in ららぽーと豊洲(3),2026-08-15,2026-08-16,アーバンドック ららぽーと豊洲1 シーサイドデッキ,16:00,江東区,,https://mitsui-shopping-park.com/lalaport/toyosu/,,,有楽町線・ゆりかもめ 豊洲,,,,,,,,,,,,,official,0,
0294d3c350,なぎさ納涼祭（なぎさニュータウン自治会）,2026-08-15,2026-08-16,なぎさニュータウン内中央広場,18:00,江戸川区,,https://www.city.edogawa.tokyo.jp/e034/kurashi/chiikicommunity/johokyoku/kasai/event/index.html,,,,,,,,,,,,,,,,official,0,
a1356f686c,下落合東町会 盆踊り大会,2026-08-15,2026-08-15,下落合3丁目 富士薬局向かい空き地,18:00,新宿区,,https://www.city.shinjuku.lg.jp/kusei/kashiwagi01_000001_00039.html,,,目白/椎名町,,,,,,,,,,,,,official,0,
60212c906e,四町会盆踊り大会（東尾久）,2026-08-15,2026-08-16,荒川区立第九中学校校庭,18:00,荒川区,,https://www.city.arakawa.tokyo.jp/documents/45496/20260721_00.pdf,,,東尾久三丁目,,,,,,,,,,,,,official,0,
85ca5330ba,瀬田納涼盆踊り大会,2026-08-15,2026-08-16,瀬田中学校,,世田谷区,,https://www.city.setagaya.lg.jp/documents/2043/wakuwakusama-purann.pdf,,,上野毛/用賀,,,,,,,,,,,,,official,0,
15042db5c5,池上養源寺 精霊送り盆踊り,2026-08-15,2026-08-15,池上養源寺,18:30,大田区,,https://www.instagram.com/ikegamiyogenji/,,,池上,,,,,,,,,,,,,ref,0,
03f1a3cca3,小伝馬町二之部町会 盆踊り,2026-08-15,2026-08-15,十思公園,18:00,中央区,,http://www.kodemma-cho.tokyo/index.html,,,小伝馬町,,,,,,,,,,,,,ref,0,
b650fe03db,ちとふな盆踊り,2026-08-16,2026-08-16,千歳船橋駅前広場,,世田谷区,,https://funabashikai.org/?p=19776,,,千歳船橋,,,,,,,,,,,,,official,0,
345430d4ec,東本願寺盆踊り,2026-08-19,2026-08-20,浅草東本願寺,,台東区,,https://www.honganji.or.jp/,,,銀座線｢田原町｣･都営浅草線･つくばエクスプレス線｢浅草｣,,,,,,,,,,,,,official,0,
725ac7c6d0,渋江東公園,2026-08-20,2026-08-21,渋江東公園,18:00,葛飾区,,https://www.city.katsushika.lg.jp/_res/projects/default_project/_page_/001/028/707/20260619.pdf,,,京成押上線｢四ツ木｣,,,,,,,,,,,,,official,0,
1aee8d9098,外神田文化体育会 盆踊り,2026-08-20,2026-08-21,芳林公園,19:00,千代田区,,https://www.oedosukerokutaiko.com/htm/top_japanese.html,,,末広町,,,,,,,,,,,,,ref,0,
fc31c563d6,大崎ニューシティ盆踊り大会,2026-08-21,2026-08-22,大崎ニューシティ,,品川区,第36回,https://summer.walkerplus.com/odekake/detail_e/ar0313e318203/,,,大崎駅,,,,,,,,,,,,,ref,120,
6119cf844d,東綾瀬公園(はと広場),2026-08-21,2026-08-22,東綾瀬公園(はと広場),19:00,足立区,,https://www.city.adachi.tokyo.jp/kuminjimu/chiikibunka/kuminsanka/higashiayase20-8.html,,,千代田線｢北綾瀬｣,,,,,,,,,,,,,official,0,
4626fae279,第36回中央区大江戸まつり盆おどり大会,2026-08-21,2026-08-22,浜町公園 中央区大江戸まつり盆おどり大会,16:00,中央区,,https://www.city.chuo.lg.jp/a0013/bunkakankou/kankoujouhou/event/ooedomaturi.html,,,都営新宿線｢浜町｣･東西線･都営浅草線｢人形町｣,,,,これがお江戸の盆ダンス,,,,,,,,,official,0,
92d1a57792,花保広場(花保さくら公園),2026-08-21,2026-08-21,花保広場(花保さくら公園),19:00,足立区,,https://www.city.adachi.tokyo.jp/chiiki/bonfes2026.html,,,つくばエクスプレス｢六町｣,,,,,,,,,,,,,official,0,
0896c5ef48,東砂三丁目町会 盆踊大会,2026-08-21,2026-08-22,東砂第二公園（東砂3-17-17）,18:30,江東区,,https://www.city.koto.lg.jp/101010/kurashi/komyunitei/chokai/jichikai/bonnodorinatsumatsuri/documents/20260708073059.pdf,,,,,,,,,,,,,,,,official,0,
a5c665d7de,松島東町会 盆踊り,2026-08-21,2026-08-22,ひかり児童遊園,18:30,江戸川区,,https://www.city.edogawa.tokyo.jp/e031/kurashi/chiikicommunity/johokyoku/chuo/event/tyuoutikukakigyoji.html,,,,,,,,,,,,,,,,official,0,
954baf6cbd,松島南町会 盆踊り,2026-08-21,2026-08-22,松島三丁目公園,18:30,江戸川区,,https://www.city.edogawa.tokyo.jp/e031/kurashi/chiikicommunity/johokyoku/chuo/event/tyuoutikukakigyoji.html,,,,,,,,,,,,,,,,official,0,
12c199fb19,五南町会 盆踊り,2026-08-21,2026-08-22,大杉小学校校庭,19:00,江戸川区,,https://www.city.edogawa.tokyo.jp/e031/kurashi/chiikicommunity/johokyoku/chuo/event/tyuoutikukakigyoji.html,,,,,,,,,,,,,,,,official,0,
5f3a53aeae,納涼踊り大会（伊興南町会）,2026-08-21,2026-08-22,第14リーグ少年野球場,18:00,足立区,,https://www.city.adachi.tokyo.jp/chiiki/bonfes2026.html,,,東武伊勢崎線｢竹ノ塚｣･日暮里舎人ライナー｢谷在家｣,,,,,,,,,,,,,official,0,
31349c4638,仲町盆踊り大会（千住仲町会）,2026-08-21,2026-08-22,千住仲町公園,18:30,足立区,,https://www.city.adachi.tokyo.jp/chiiki/bonfes2026.html,,,,,,,,,,,,,,,,official,0,
abc6196ad3,水元小合上町町会 盆踊り,2026-08-21,2026-08-22,日枝神社境内（東水元4-15-3）,19:00,葛飾区,,https://www.city.katsushika.lg.jp/_res/projects/default_project/_page_/001/028/707/080731.pdf,,,金町,,,,,,,,,,,,,official,0,
27523d9c8b,北篠崎二丁目自治会 盆踊り,2026-08-21,2026-08-22,北篠崎二丁目公園,,江戸川区,,https://www.city.edogawa.tokyo.jp/e037/kurashi/chiikicommunity/johokyoku/shishibone/event/bonodori.html,,,小岩,,,,,,,,,,,,,official,0,
d1183ce43a,西尾久十町会連合 納涼盆踊り大会,2026-08-21,2026-08-23,あらかわ遊園運動場,18:30,荒川区,,https://www.city.arakawa.tokyo.jp/documents/45496/20260721_00.pdf,,,荒川遊園地前,,,,,,,,,,,,,official,0,
384a3fea4e,六本木ヒルズ盆踊り2026,2026-08-21,2026-08-23,六本木ヒルズアリーナ,17:00,港区,,https://www.roppongihills.com/events/2026/08/0598.html,,,六本木,,,,六本人（ろっぽんちゅ）音頭 ほか,,,,,,,,,official,760,
6b98d76d71,四つ木白髭神社,2026-08-22,2026-08-23,四つ木白髭神社,18:30,葛飾区,,https://www.city.katsushika.lg.jp/_res/projects/default_project/_page_/001/028/707/20260619.pdf,,,京成電鉄押上線｢四ツ木｣･｢京成立石｣,,,,,,,,,,,,,official,0,
254826d123,大谷田公園,2026-08-22,2026-08-23,大谷田公園,18:30,足立区,,https://www.city.adachi.tokyo.jp/chiiki/bonfes2026.html,,,千代田線｢北綾瀬｣,,,,,,,,,,,,,official,0,
bd01b51ef5,工和会館及び会館前車道,2026-08-22,2026-08-23,工和会館及び会館前車道,18:00,大田区,,https://www.city.ota.tokyo.jp/kamata/ts_yaguchi/oshirase_event/summercalendar.html,,,東急多摩川線｢下丸子｣,,,,,,,,,,,,,official,0,
09a13fd597,新宿中央公園 夏まつり(納涼盆踊り同時開催),2026-08-22,2026-08-23,新宿中央公園 ファンモアタイムひろば,,新宿区,,https://shinjukuchuo-park.jp/events/event/2026/07/03/%E6%96%B0%E5%AE%BF%E4%B8%AD%E5%A4%AE%E5%85%AC%E5%9C%92%E3%80%80%E5%A4%8F%E3%81%BE%E3%81%A4%E3%82%8A%EF%BD%9E%E7%9B%86%E8%B8%8A%E3%82%8A%E3%81%A8%E5%90%8C%E6%99%82%E9%96%8B%E5%82%AC%EF%BD%9E-2/,,,都庁前駅/西新宿駅/新宿駅,,,,,,,,,,,,,official,500,
b7cf3b1b33,梅島天満宮,2026-08-22,2026-08-23,梅島天満宮,19:00,足立区,,https://www.city.adachi.tokyo.jp/chiiki/bonfes2026.html,,,東武伊勢崎線｢梅島｣,,,,,,,,,,,,,official,0,
87745e6ce9,葛飾区立大道中学校,2026-08-22,2026-08-23,葛飾区立大道中学校,18:30,葛飾区,,https://www.city.katsushika.lg.jp/_res/projects/default_project/_page_/001/028/707/20260619.pdf,,,京成本線｢お花茶屋｣･京成押上線｢京成立石｣,,,,,,,,,,,,,official,0,
91c5e399f7,駒込六丁目児童遊園,2026-08-22,2026-08-22,駒込六丁目児童遊園,18:00,豊島区,,https://www.city.toshima.lg.jp/documents/56995/20260701_all.pdf,,,JR山手線｢駒込｣･JR京浜東北･根岸線｢上中里｣,,,,,,,,,,,,,official,0,
dbdb7fce83,宿和会納涼盆踊り大会,2026-08-22,2026-08-22,下鎌田東小学校,17:00,江戸川区,,https://www.city.edogawa.tokyo.jp/e036/kurashi/chiikicommunity/johokyoku/tobu/event/toubutikubonnodori.html,,,都営新宿線｢瑞江｣,,,,,,,,,,,,,official,0,
33889ceb65,西一之江中辻町会 盆踊り,2026-08-22,2026-08-22,松江ひかり幼稚園 園庭,18:00,江戸川区,,https://www.city.edogawa.tokyo.jp/e031/kurashi/chiikicommunity/johokyoku/chuo/event/tyuoutikukakigyoji.html,,,,,,,,,,,,,,,,official,0,
2841b3c515,西一之江江上町会 盆踊り,2026-08-22,2026-08-22,江上しらさぎ公園,18:00,江戸川区,,https://www.city.edogawa.tokyo.jp/e031/kurashi/chiikicommunity/johokyoku/chuo/event/tyuoutikukakigyoji.html,,,,,,,,,,,,,,,,official,0,
dd71ce2571,東四町会 盆踊り,2026-08-22,2026-08-23,香取神社,17:00,江戸川区,,https://www.city.edogawa.tokyo.jp/e031/kurashi/chiikicommunity/johokyoku/chuo/event/tyuoutikukakigyoji.html,,,,,,,,,,,,,,,,official,0,
7b1feea958,東松一丁目町会 盆踊り,2026-08-22,2026-08-23,松江一丁目公園,18:00,江戸川区,,https://www.city.edogawa.tokyo.jp/e031/kurashi/chiikicommunity/johokyoku/chuo/event/tyuoutikukakigyoji.html,,,,,,,,,,,,,,,,official,0,
334ebfb0e8,松江東町会 盆踊り,2026-08-22,2026-08-23,西一之江香取神社,19:00,江戸川区,,https://www.city.edogawa.tokyo.jp/e031/kurashi/chiikicommunity/johokyoku/chuo/event/tyuoutikukakigyoji.html,,,,,,,,,,,,,,,,official,0,
a575992de5,五分一納涼盆踊り大会,2026-08-22,2026-08-23,五分一にまつ公園,18:00,江戸川区,,https://www.city.edogawa.tokyo.jp/e031/kurashi/chiikicommunity/johokyoku/chuo/event/tyuoutikukakigyoji.html,,,,,,,,,,,,,,,,official,0,
d2c887509f,西小松川町会 盆踊り,2026-08-22,2026-08-23,なでしこ児童遊園,18:30,江戸川区,,https://www.city.edogawa.tokyo.jp/e031/kurashi/chiikicommunity/johokyoku/chuo/event/tyuoutikukakigyoji.html,,,,,,,,,,,,,,,,official,0,
aeb27b03ee,輪踊り（鹿浜島町会）,2026-08-22,2026-08-22,島氷川神社,18:00,足立区,,https://www.city.adachi.tokyo.jp/chiiki/bonfes2026.html,,,,,,,,,,,,,,,,official,0,
9e7fd14421,盆踊り大会（コープ野村梅島自治会）,2026-08-22,2026-08-22,梅田七丁目児童遊園,18:30,足立区,,https://www.city.adachi.tokyo.jp/chiiki/bonfes2026.html,,,,,,,,,,,,,,,,official,0,
fd68b10da0,盆踊り（松本町会）,2026-08-22,2026-08-23,松本天祖神社,,江戸川区,,https://www.city.edogawa.tokyo.jp/e037/kurashi/chiikicommunity/johokyoku/shishibone/event/bonodori.html,,,,,,,,,,,,,,,,official,0,
1f661a0a41,盆踊り（興宮自治会）,2026-08-22,2026-08-23,興宮神社,,江戸川区,,https://www.city.edogawa.tokyo.jp/e037/kurashi/chiikicommunity/johokyoku/shishibone/event/bonodori.html,,,,,,,,,,,,,,,,official,0,
896c4f42ef,大井どんたく夏まつり 盆おどり,2026-08-22,2026-08-22,大井町駅前中央通り(どんたく通り),,品川区,,https://ooimachi.tokyo/dontaku/,,,大井町,,,,,,,,,,,,,official,0,
25fa4bcece,水元中央町会 盆踊り,2026-08-22,2026-08-22,水元総合スポーツセンター公園ふれあい広場,18:00,葛飾区,,https://www.city.katsushika.lg.jp/_res/projects/default_project/_page_/001/028/707/080731.pdf,,,青砥,,,,,,,,,,,,,official,0,
2037d6753b,白鳥東町会 盆踊り大会,2026-08-22,2026-08-22,白鳥小学校（白鳥3-4-1）,16:00,葛飾区,,https://www.city.katsushika.lg.jp/_res/projects/default_project/_page_/001/028/707/080731.pdf,,,お花茶屋,,,,,,,,,,,,,official,0,
68245a5253,南千住中央町会 盆踊り大会,2026-08-22,2026-08-22,第三瑞光小学校校庭,18:00,荒川区,,https://www.city.arakawa.tokyo.jp/documents/45496/20260721_00.pdf,,,南千住,,,,,,,,,,,,,official,0,
60b6d0c3c8,上北沢納涼盆踊り,2026-08-22,2026-08-22,上北沢小学校校庭,16:00,世田谷区,,https://www.city.setagaya.lg.jp/documents/2043/wakuwakusama-purann.pdf,,,八幡山/上北沢,,,,,,,,,,,,,official,0,
59b75f68e7,おしゃれ盆踊りvol.9,2026-08-22,2026-08-22,TOKYO NODE SKY GARDEN & POOL（虎ノ門ヒルズ49F）,18:00,港区,,https://www.tokyonode.jp/events/oshabon_vol9/index.html,,,虎ノ門ヒルズ,,,,,,,,,,,,,official,0,
360f53cf7d,五町会連合盆踊り大会（尾久宮前小）,2026-08-22,2026-08-23,尾久宮前小学校校庭,19:00,荒川区,,https://www.city.arakawa.tokyo.jp/documents/45496/20260721_00.pdf,,,熊野前,,,,,,,,,,,,,official,0,
e599dcf0c7,尾久小学校盆踊り大会,2026-08-22,2026-08-23,尾久小学校校庭,18:00,荒川区,,https://www.city.arakawa.tokyo.jp/documents/45496/20260721_00.pdf,,,尾久/田端,,,,,,,,,,,,,official,0,
2939f6ffc5,三団体合同盆踊り大会（大門小）,2026-08-22,2026-08-23,大門小学校校庭,18:30,荒川区,,https://www.city.arakawa.tokyo.jp/documents/45496/20260721_00.pdf,,,東尾久三丁目,,,,,,,,,,,,,official,0,
de46fc24be,東日暮里五丁目町会 盆踊り大会,2026-08-22,2026-08-23,日暮里南公園,19:00,荒川区,,https://www.city.arakawa.tokyo.jp/documents/45496/20260721_00.pdf,,,日暮里,,,,,,,,,,,,,official,0,
d25656aa15,東陽6・7丁目町会夏まつり 盆踊り,2026-08-22,2026-08-23,東京イースト21プラザ広場,17:00,江東区,,https://tokyo-east21.co.jp/event/%e7%ac%ac15%e5%9b%9e-%e6%9d%b1%e9%99%bd6%e3%83%bb7%e4%b8%81%e7%9b%ae%e7%94%ba%e4%bc%9a%e5%a4%8f%e3%81%be%e3%81%a4%e3%82%8a/,,,東陽町,,,,,,,,,,,,,official,0,
3fca5125b8,大師夏まつり 盆踊り,2026-08-22,2026-08-23,西新井大師 總持寺境内,,足立区,,https://daishi-natsumatsuri.jimdofree.com/,,,大師前,,,,,,,,,,,,,official,0,
d3ea955437,新宿中央公園 納涼盆踊り大会,2026-08-22,2026-08-23,新宿中央公園ファンモアタイム広場,17:30,新宿区,,https://www.city.shinjuku.lg.jp/kusei/kashiwagi01_000001_00039.html,,,都庁前,,,,,,,,,,,,,official,0,
c7b7a13c58,北小岩五丁目自治会 五北納涼盆踊り,2026-08-22,2026-08-23,五北天祖神社境内,18:00,江戸川区,,https://www.chokai.info/kitakoiwa5/038093.php,,,京成小岩,,,,,,,,,,,,,official,0,
f1b4fa15cd,坂下一丁目南町会 盆踊り,2026-08-22,2026-08-23,志村公園,17:00,板橋区,,https://www.itabashi-life.com/2026natumaturi.pdf,,,志村三丁目,,,,,,,,,,,,,ref,0,
fd80726277,入船三丁目町会 盆踊り,2026-08-24,2026-08-25,NTT裏×Rico's前（入船3丁目）,18:30,中央区,,https://x.com/iri2choukai,,,新富町,,,,,,,,,,,,,ref,0,
71fc6aa620,赤坂夏おどり,2026-08-28,2026-08-29,赤坂サカス広場,17:30,港区,,https://www.city.minato.tokyo.jp/kouhou/kuse/koho/minato2026/202607/20260701top/07.html,,,千代田線｢赤坂｣･丸の内線･銀座線｢赤坂見附｣,,,,,,,,,,,,,official,500,
a93f8e9161,ガーデンプラザ柴又自治会 夏まつり盆踊り,2026-08-28,2026-08-29,ガーデンプラザ柴又弐番館駐車場,15:30,葛飾区,,https://www.city.katsushika.lg.jp/_res/projects/default_project/_page_/001/028/707/080731.pdf,,,柴又,,,,,,,,,,,,,official,0,
52bd16df7a,扇橋二丁目町会 納涼大会,2026-08-28,2026-08-29,江東公園（北側）（扇橋2-22-2）,18:00,江東区,,https://www.city.koto.lg.jp/101010/kurashi/komyunitei/chokai/jichikai/bonnodorinatsumatsuri/documents/20260708073059.pdf,,,住吉,,,,,,,,,,,,,official,0,
71e3a8ee3f,篠崎七丁目町会 盆踊り,2026-08-28,2026-08-29,篠崎第四小学校,,江戸川区,,https://www.city.edogawa.tokyo.jp/e037/kurashi/chiikicommunity/johokyoku/shishibone/event/bonodori.html,,,篠崎,,,,,,,,,,,,,official,0,
ddfbd7dc13,日暮里中央町会 納涼踊り,2026-08-28,2026-08-30,日暮里駅前イベント広場,18:30,荒川区,,https://www.city.arakawa.tokyo.jp/documents/45496/20260721_00.pdf,,,日暮里,,,,,,,,,,,,,official,0,
1ed9df3b4d,新河岸地区 盆踊り,2026-08-28,2026-08-29,徳丸橋公園,18:30,板橋区,,https://www.itabashi-life.com/2026natumaturi.pdf,,,高島平,,,,,,,,,,,,,ref,0,
bde0823d8e,南綾瀬中央公園,2026-08-29,2026-08-30,南綾瀬中央公園,20:30,葛飾区,,https://www.city.katsushika.lg.jp/information/1030313/1028707.html,,,千代田線｢綾瀬｣･京成本線｢堀切菖蒲園｣,,,,,,,,,,,,,official,0,
3a635af429,品川区立大原小学校,2026-08-29,2026-08-29,品川区立大原小学校,18:30,品川区,,https://hebikubo.jp/2025/07/03/r7-hebikubofestival/,,,東急大井町線｢戸越公園｣･東急池上線｢荏原中延｣,,,,,,,,,,,,,official,0,
073143ffed,第44回 江東区民まつり 亀戸地区夏まつり大会,2026-08-29,2026-08-29,亀戸中央公園,,江東区,,https://www.city.koto.lg.jp/101021/kurashi/komyunitei/kumin/chiku/76692.html,,,亀戸駅/亀戸水神駅,,,,,,,,,,,,,official,900,
83799a6e58,若宮八幡神社,2026-08-29,2026-08-30,若宮八幡神社,18:00,足立区,,https://www.city.adachi.tokyo.jp/kuminjimu/chiikibunka/kuminsanka/ikou.html,,,東武伊勢崎線｢竹ノ塚｣,,,,,,,,,,,,,official,0,
1a49e7f2df,大島五丁目町会 ぼんおどり,2026-08-29,2026-08-29,大島五丁目公園（大島5-27-16）,17:00,江東区,,https://www.city.koto.lg.jp/101010/kurashi/komyunitei/chokai/jichikai/bonnodorinatsumatsuri/documents/20260708073059.pdf,,,,,,,,,,,,,,,,official,0,
3c3a5ebe6b,今井町会納涼盆踊り大会,2026-08-29,2026-08-29,八雲神社前広場,18:00,江戸川区,,https://www.city.edogawa.tokyo.jp/e036/kurashi/chiikicommunity/johokyoku/tobu/event/toubutikubonnodori.html,,,都営新宿線｢一之江｣･｢瑞江｣,,,,,,,,,,,,,official,0,
f8e0e6f512,奉納踊り大会（伊興中央町会）,2026-08-29,2026-08-30,伊興若宮八幡宮,18:00,足立区,,https://www.city.adachi.tokyo.jp/chiiki/bonfes2026.html,,,,,,,,,,,,,,,,official,0,
041c0546c7,盆踊り大会（保塚町町会・一ツ家二丁目町会）,2026-08-29,2026-08-29,一ツ家二丁目子供の広場,18:00,足立区,,https://www.city.adachi.tokyo.jp/chiiki/bonfes2026.html,,,,,,,,,,,,,,,,official,0,
5d50047378,中目黒盆踊り大会,2026-08-29,2026-08-30,フナイリバ（中目黒1-11-18）,17:30,目黒区,,https://nakamebonodori.jp/,,,中目黒,,,,,,,,,,,,,official,0,
876baee6e7,上平井公園,2026-09-05,2026-09-06,上平井公園,19:00,葛飾区,,https://www.city.katsushika.lg.jp/_res/projects/default_project/_page_/001/028/707/20260619.pdf,,,総武線 新小岩,,,,,,,,,,,,,official,120,
38575d06dd,砂原第一公園,2026-09-05,2026-09-05,砂原第一公園,19:00,葛飾区,,https://www.city.katsushika.lg.jp/_res/projects/default_project/_page_/001/028/707/20260619.pdf,,,JR常磐線 亀有/千代田線 綾瀬,,,,,,,,,,,,,official,120,
51f50d97b0,祖師ヶ谷大蔵駅前 ウルトラマン広場,2026-09-05,2026-09-05,祖師ヶ谷大蔵駅前 ウルトラマン広場,18:00,世田谷区,,https://soshigaya.com/,,,小田急線 祖師ヶ谷大蔵,,,,,,,,,,,,,official,250,
e7f03b1127,雷門盆踊り 夢灯篭(並木通界隈),2026-09-05,2026-09-05,並木通界隈(浅草雷門前),17:30,台東区,,https://www.kaminari-bonodori.com/,,,東武・銀座線・つくばEXP・都営浅草線 浅草,,,,,,,,,,,,,official,250,
88a481b968,有明ガーデン スポーツエンターテイメント広場,2026-09-12,2026-09-12,有明ガーデン スポーツエンターテイメント広場,16:30,江東区,,https://www.aripro.tokyo/,,,ゆりかもめ 有明/りんかい線 国際展示場,,,,,,,,,,,,,official,250,
5bc180f62c,西大井広場公園,2026-09-12,2026-09-12,西大井広場公園,,品川区,,https://www.city.shinagawa.tokyo.jp/PC/shisetsu/shisetsu-kuyakusyo/shisetsu-kuyakusyo-chiiki/hpg000017088.html,,,JR横須賀線 西大井/大井町線 下神明,,,,,,,,,,,,,official,120,
3702a0f5b8,新小岩北口盆踊りフェスタ,2026-09-12,2026-09-13,JR新小岩駅北口駅前広場・新小岩北口商店街,,葛飾区,,https://shinkoiwa06.1web.jp/schedule/,,,新小岩,,,,,,,,,,,,,official,0,
9f80af6c2e,八潮公園多目的広場,2026-09-20,2026-09-20,八潮公園多目的広場,,品川区,,https://www.city.shinagawa.tokyo.jp/PC/shisetsu/shisetsu-kuyakusyo/shisetsu-kuyakusyo-chiiki/hpg000017088.html,,,りんかい線 品川シーサイド/東京モノレール 大井競馬場前,,,,,,,,,,,,,official,120,
7ab287de38,氷川神社(矢口),2026-09-25,2026-09-26,氷川神社,19:00,大田区,,https://www.city.ota.tokyo.jp/kamata/ts_yaguchi/oshirase_event/summercalendar.html,,,東急多摩川線 武蔵新田,,,,,,,,,,,,,official,120,
bac91402da,ミヤシタパーク(渋谷区立宮下公園 芝生ひろば),2026-09-26,2026-09-27,ミヤシタパーク 4階 芝生ひろば,,渋谷区,,https://miyashita-bondance.jp/,,,各線 渋谷/千代田線・副都心線 明治神宮前,,,,,,,,,,,,,official,250,
006d2d6e92,弥生公園 椿天祖神社境内(椿ふるさとまつり),2026-09-26,2026-09-27,弥生公園 椿天祖神社境内,17:00,江戸川区,,https://www.city.edogawa.tokyo.jp/e036/kurashi/chiikicommunity/johokyoku/tobu/event/toubutikubonnodori.html,,,都営新宿線 瑞江,,,,,,,,,,,,,official,120,
c923dd6cd9,SHIBUYA MIYASHITA PARK BON DANCE,2026-09-26,2026-09-27,ミヤシタパーク 4階 渋谷区立宮下公園 芝生ひろば,13:00,渋谷区,,https://miyashita-bondance.jp/,,,JR・各線｢渋谷｣/千代田線・副都心線｢明治神宮前｣,,,,,,,,,,,,,official,0,
728ce7f05c,谷河内南町会 盆踊り,2026-10-03,2026-10-03,谷河内みなみ公園,18:00,江戸川区,,https://www.yagouchiminami.jp/,,,都営新宿線 瑞江,,,,,,,,,,,,,official,0,
13266a9297,妖怪盆踊り2026,2026-10-10,2026-10-12,GREEN SPRINGS 2F 中央広場,,立川市,,https://www.yokaibonodori.tokyo/,,,立川駅/立川北駅,,,,,,,,,,,,,official,250,
f62d1f2ec2,秋まつり・盆踊り大会（西新井東町会）,2026-10-10,2026-10-11,いかづち公園,18:00,足立区,,https://www.city.adachi.tokyo.jp/chiiki/bonfes2026.html,,,,,,,,,,,,,,,,official,0,
6a1bfe22df,荏原第一地区 盆踊り,2026-10-10,2026-10-10,品川区立小山台小学校,13:00,品川区,,https://www.city.shinagawa.tokyo.jp/PC/shisetsu/shisetsu-kuyakusyo/shisetsu-kuyakusyo-chiiki/hpg000017088.html,,,戸越銀座,,,,,,,,,,,,,official,0,
07df3e07ae,荏原第四地区 盆踊り,2026-10-11,2026-10-11,品川区立上神明小学校,,品川区,,https://www.city.shinagawa.tokyo.jp/PC/shisetsu/shisetsu-kuyakusyo/shisetsu-kuyakusyo-chiiki/hpg000017088.html,,,都営浅草線｢中延｣／東急大井町線｢荏原町｣,,,,,,,,,,,,,official,0,
7d9ca8dede,荏原第三地区 盆踊り,2026-10-18,2026-10-18,品川区立京陽小学校・ひらさん広場,11:00,品川区,,https://www.city.shinagawa.tokyo.jp/PC/shisetsu/shisetsu-kuyakusyo/shisetsu-kuyakusyo-chiiki/hpg000017088.html,,,戸越銀座,,,,,,,,,,,,,official,0,
9d64543398,両国町会 夏祭り盆踊り大会,,,両国駅前大通り(国技館通り),19:00,墨田区,,https://kokugikan-st.com/,,,両国駅,,,,,,,,,,,,,official,250,
caf4d86d16,京橋盆踊り(京橋エドグラン),,,京橋エドグラン(KYOBASHI EDOGRAND),,中央区,,https://www.edogrand.tokyo/event,,,京橋駅直結/宝町駅/JR東京駅,,,,,,,,,,,,,official,250,
6b34c8db62,巣鴨納涼盆踊り,,,とげぬき地蔵尊（高岩寺）境内,,豊島区,,https://sugamo.or.jp/,,,巣鴨駅,,,,,,,,,,,,,official,160,
c92bb0be41,日比谷公園丸の内音頭大盆踊り大会,,,日比谷公園 噴水広場ほか,,千代田区,,https://www.hibiyabonodori.com/,,,日比谷駅,,,,丸の内音頭、東京音頭,,,,,,,,,official,150,
72f2f42011,江東区立深川第五中学校,,,江東区立深川第五中学校,,江東区,,https://minamisuna1.com/37573/,,,有楽町線･ゆりかもめ線｢豊洲｣,,,,,,,,,,,,,ref,120,
d0b66e979c,納涼盆踊り大会（武蔵野市）,,,武蔵野市立中央図書館前庭,,武蔵野市,,https://www.enjoytokyo.jp/event/2022182/,,,三鷹駅,,,,,,,,,,,,,ref,70,
67be36f2e2,赤坂氷川祭 盆踊り大会,,,赤坂氷川神社 境内,18:30,港区,,https://www.akasakahikawa.or.jp/,,,赤坂駅/六本木駅/赤坂見附駅,,,,,,,,,,,,,official,250,
74f08feb6e,隅田川おどりフェスタ,,,墨田区役所うるおい広場,,墨田区,,https://www.enjoytokyo.jp/event/644246/,,,本所吾妻橋駅,,,,,,,,,,,,,ref,110,
